tanggal,curah_hujan_mm,suhu_max_c,suhu_min_c,kota
2023-01-01,1.9,30.2,24.6,bali
2023-01-02,7.4,29.8,24.0,bali
2023-01-03,4.9,28.4,24.5,bali
2023-01-04,2.6,28.6,24.4,bali
2023-01-05,9.6,28.4,24.0,bali
2023-01-06,17.8,27.2,23.3,bali
2023-01-07,4.3,28.4,24.1,bali
2023-01-08,0.4,28.9,23.8,bali
2023-01-09,0.8,28.4,23.4,bali
2023-01-10,0.6,29.0,23.4,bali
2023-01-11,0.0,29.5,23.1,bali
2023-01-12,0.6,29.1,23.7,bali
2023-01-13,1.4,28.9,23.9,bali
2023-01-14,2.8,29.5,24.5,bali
2023-01-15,13.2,28.6,24.1,bali
2023-01-16,7.7,28.4,23.1,bali
2023-01-17,2.4,28.4,23.7,bali
2023-01-18,8.1,27.8,22.9,bali
2023-01-19,2.1,28.7,24.5,bali
2023-01-20,2.6,27.9,23.8,bali
2023-01-21,0.9,29.4,23.7,bali
2023-01-22,1.8,29.2,23.9,bali
2023-01-23,0.2,29.7,24.1,bali
2023-01-24,0.5,29.4,23.4,bali
2023-01-25,7.7,28.5,24.3,bali
2023-01-26,5.8,27.3,24.2,bali
2023-01-27,42.6,25.6,24.0,bali
2023-01-28,29.3,24.8,23.6,bali
2023-01-29,2.3,29.0,23.2,bali
2023-01-30,2.2,29.0,23.7,bali
2023-01-31,10.5,28.3,24.2,bali
2023-02-01,6.1,29.2,24.8,bali
2023-02-02,0.9,27.7,24.7,bali
2023-02-03,5.2,26.8,24.7,bali
2023-02-04,17.9,28.5,23.3,bali
2023-02-05,53.5,24.6,22.5,bali
2023-02-06,38.4,26.7,21.9,bali
2023-02-07,5.8,28.2,24.7,bali
2023-02-08,6.6,29.3,24.5,bali
2023-02-09,16.9,29.1,23.6,bali
2023-02-10,16.1,29.9,23.9,bali
2023-02-11,40.9,29.7,23.9,bali
2023-02-12,18.4,29.2,22.8,bali
2023-02-13,3.8,28.6,23.2,bali
2023-02-14,13.9,27.1,22.8,bali
2023-02-15,19.9,26.6,23.1,bali
2023-02-16,10.4,28.1,23.8,bali
2023-02-17,16.7,28.4,23.6,bali
2023-02-18,20.3,27.4,23.2,bali
2023-02-19,4.5,28.7,24.5,bali
2023-02-20,7.8,28.0,24.4,bali
2023-02-21,1.2,29.5,24.6,bali
2023-02-22,4.4,29.2,25.0,bali
2023-02-23,8.8,29.2,24.9,bali
2023-02-24,18.3,28.3,23.8,bali
2023-02-25,24.0,29.0,23.7,bali
2023-02-26,23.8,28.4,22.7,bali
2023-02-27,18.3,29.4,23.4,bali
2023-02-28,5.4,27.8,23.2,bali
2023-03-01,6.9,26.9,23.0,bali
2023-03-02,4.6,29.3,23.3,bali
2023-03-03,4.1,28.6,23.1,bali
2023-03-04,2.2,28.8,23.7,bali
2023-03-05,4.9,28.2,23.5,bali
2023-03-06,10.7,26.6,22.9,bali
2023-03-07,1.5,28.0,23.7,bali
2023-03-08,2.7,28.9,23.9,bali
2023-03-09,3.8,29.3,22.9,bali
2023-03-10,0.1,29.4,23.2,bali
2023-03-11,0.2,29.6,23.9,bali
2023-03-12,1.4,29.2,23.6,bali
2023-03-13,1.0,29.1,22.5,bali
2023-03-14,2.2,28.4,22.6,bali
2023-03-15,2.2,29.6,22.9,bali
2023-03-16,3.3,29.6,24.1,bali
2023-03-17,7.6,29.6,24.0,bali
2023-03-18,0.7,29.0,22.8,bali
2023-03-19,1.2,29.6,23.6,bali
2023-03-20,5.1,29.1,24.0,bali
2023-03-21,0.5,29.5,23.3,bali
2023-03-22,5.6,30.1,24.5,bali
2023-03-23,1.1,30.0,23.8,bali
2023-03-24,3.8,30.4,23.4,bali
2023-03-25,2.6,30.3,23.6,bali
2023-03-26,3.0,29.9,24.1,bali
2023-03-27,2.8,30.2,23.8,bali
2023-03-28,13.3,30.3,23.8,bali
2023-03-29,0.7,30.3,23.9,bali
2023-03-30,0.6,28.0,23.6,bali
2023-03-31,9.1,28.3,23.4,bali
2023-04-01,2.5,27.2,23.8,bali
2023-04-02,11.4,26.5,24.0,bali
2023-04-03,13.2,28.2,23.3,bali
2023-04-04,13.0,27.4,23.0,bali
2023-04-05,4.1,28.8,23.4,bali
2023-04-06,10.7,28.7,23.3,bali
2023-04-07,11.8,27.8,22.1,bali
2023-04-08,1.3,28.7,23.9,bali
2023-04-09,1.6,29.4,23.9,bali
2023-04-10,8.4,27.9,23.6,bali
2023-04-11,6.0,27.5,23.7,bali
2023-04-12,19.7,28.6,23.6,bali
2023-04-13,14.9,28.0,23.2,bali
2023-04-14,17.4,29.3,23.3,bali
2023-04-15,1.7,28.9,24.0,bali
2023-04-16,0.1,29.3,23.9,bali
2023-04-17,2.5,29.6,22.9,bali
2023-04-18,0.7,29.2,23.3,bali
2023-04-19,0.4,29.1,23.8,bali
2023-04-20,3.4,28.4,24.6,bali
2023-04-21,1.4,28.0,24.7,bali
2023-04-22,0.8,29.5,25.1,bali
2023-04-23,0.1,29.7,23.7,bali
2023-04-24,0.4,29.6,24.9,bali
2023-04-25,2.2,29.9,23.9,bali
2023-04-26,7.7,29.5,24.0,bali
2023-04-27,21.2,28.2,24.1,bali
2023-04-28,20.2,29.0,23.9,bali
2023-04-29,9.5,29.4,24.1,bali
2023-04-30,2.0,29.5,23.7,bali
2023-05-01,15.5,29.3,24.6,bali
2023-05-02,4.0,29.9,24.1,bali
2023-05-03,0.1,29.7,25.3,bali
2023-05-04,0.9,29.4,24.8,bali
2023-05-05,4.7,29.3,24.6,bali
2023-05-06,2.3,29.4,24.0,bali
2023-05-07,0.1,29.7,23.8,bali
2023-05-08,6.8,28.8,24.6,bali
2023-05-09,11.8,27.7,24.2,bali
2023-05-10,4.1,29.7,24.5,bali
2023-05-11,32.9,28.9,25.5,bali
2023-05-12,4.0,28.5,25.9,bali
2023-05-13,0.0,28.1,25.7,bali
2023-05-14,0.0,28.6,25.5,bali
2023-05-15,0.0,28.4,24.6,bali
2023-05-16,0.1,28.2,22.6,bali
2023-05-17,0.1,27.9,22.4,bali
2023-05-18,0.4,28.6,21.8,bali
2023-05-19,0.1,28.7,22.6,bali
2023-05-20,0.0,28.2,23.9,bali
2023-05-21,0.0,28.1,24.6,bali
2023-05-22,2.9,27.4,23.5,bali
2023-05-23,0.8,28.0,22.9,bali
2023-05-24,0.1,28.6,21.8,bali
2023-05-25,0.3,28.0,23.6,bali
2023-05-26,1.2,27.9,24.1,bali
2023-05-27,0.8,28.1,24.0,bali
2023-05-28,0.0,28.0,24.3,bali
2023-05-29,0.7,28.0,21.9,bali
2023-05-30,1.1,28.8,23.4,bali
2023-05-31,1.1,27.6,23.8,bali
2023-06-01,5.5,27.8,24.6,bali
2023-06-02,1.9,27.8,24.9,bali
2023-06-03,0.0,28.2,24.5,bali
2023-06-04,0.5,28.1,24.2,bali
2023-06-05,0.9,28.5,23.7,bali
2023-06-06,5.0,28.1,23.9,bali
2023-06-07,20.7,28.1,22.5,bali
2023-06-08,1.1,28.4,24.1,bali
2023-06-09,0.6,28.2,24.0,bali
2023-06-10,0.6,28.5,22.9,bali
2023-06-11,0.9,28.7,24.1,bali
2023-06-12,0.1,28.8,24.4,bali
2023-06-13,1.0,28.3,25.4,bali
2023-06-14,0.8,28.0,24.8,bali
2023-06-15,1.0,27.7,23.9,bali
2023-06-16,0.8,28.0,24.4,bali
2023-06-17,0.0,29.0,22.0,bali
2023-06-18,0.1,28.9,23.2,bali
2023-06-19,0.0,29.0,21.0,bali
2023-06-20,0.0,28.9,20.9,bali
2023-06-21,0.1,28.2,22.5,bali
2023-06-22,0.1,28.3,22.9,bali
2023-06-23,0.0,28.3,21.0,bali
2023-06-24,0.1,28.6,22.4,bali
2023-06-25,1.0,28.4,23.3,bali
2023-06-26,1.2,28.3,21.8,bali
2023-06-27,0.1,28.5,22.5,bali
2023-06-28,1.0,28.5,21.8,bali
2023-06-29,1.9,29.1,22.3,bali
2023-06-30,4.3,28.1,23.1,bali
2023-07-01,12.0,26.1,23.5,bali
2023-07-02,11.4,26.6,23.5,bali
2023-07-03,2.6,26.8,23.4,bali
2023-07-04,1.7,27.4,22.8,bali
2023-07-05,3.3,26.3,23.0,bali
2023-07-06,8.1,26.2,23.2,bali
2023-07-07,28.7,26.0,23.2,bali
2023-07-08,14.0,27.2,22.6,bali
2023-07-09,1.5,27.2,23.5,bali
2023-07-10,0.6,27.5,23.4,bali
2023-07-11,0.3,27.0,23.9,bali
2023-07-12,1.1,27.4,23.7,bali
2023-07-13,3.8,27.1,23.2,bali
2023-07-14,1.8,26.4,24.4,bali
2023-07-15,1.7,26.9,22.8,bali
2023-07-16,2.5,26.2,21.7,bali
2023-07-17,0.6,26.9,21.3,bali
2023-07-18,0.2,27.8,22.5,bali
2023-07-19,0.5,26.9,23.6,bali
2023-07-20,0.0,27.1,22.7,bali
2023-07-21,0.0,27.5,22.3,bali
2023-07-22,1.5,27.2,21.7,bali
2023-07-23,0.1,27.6,23.0,bali
2023-07-24,1.5,27.5,22.7,bali
2023-07-25,0.7,27.2,22.6,bali
2023-07-26,2.1,26.8,21.4,bali
2023-07-27,0.2,26.4,20.4,bali
2023-07-28,1.3,27.0,22.2,bali
2023-07-29,0.2,26.9,22.5,bali
2023-07-30,1.7,27.6,22.2,bali
2023-07-31,3.2,27.1,21.8,bali
2023-08-01,0.2,27.8,21.5,bali
2023-08-02,0.3,28.5,21.6,bali
2023-08-03,1.5,27.4,22.7,bali
2023-08-04,0.2,27.4,22.7,bali
2023-08-05,3.3,26.9,22.9,bali
2023-08-06,1.2,27.4,23.0,bali
2023-08-07,1.1,27.5,22.3,bali
2023-08-08,0.1,27.5,20.5,bali
2023-08-09,1.1,26.7,21.6,bali
2023-08-10,0.0,26.7,19.6,bali
2023-08-11,0.6,28.0,20.3,bali
2023-08-12,0.2,27.8,20.1,bali
2023-08-13,0.3,27.7,20.1,bali
2023-08-14,1.1,27.1,21.3,bali
2023-08-15,2.1,27.6,22.1,bali
2023-08-16,3.5,27.3,21.6,bali
2023-08-17,3.7,25.6,21.1,bali
2023-08-18,1.8,26.2,21.5,bali
2023-08-19,0.2,27.5,20.9,bali
2023-08-20,1.2,27.4,21.9,bali
2023-08-21,2.2,27.1,22.0,bali
2023-08-22,0.2,27.1,22.2,bali
2023-08-23,0.8,26.6,21.5,bali
2023-08-24,2.1,26.9,20.6,bali
2023-08-25,1.2,27.1,23.0,bali
2023-08-26,0.6,26.9,22.2,bali
2023-08-27,1.4,27.1,21.7,bali
2023-08-28,0.3,27.6,21.1,bali
2023-08-29,1.0,27.4,19.8,bali
2023-08-30,0.7,28.2,22.3,bali
2023-08-31,1.1,27.2,21.7,bali
2023-09-01,0.0,27.8,20.3,bali
2023-09-02,0.3,28.1,21.4,bali
2023-09-03,0.8,27.3,20.8,bali
2023-09-04,1.1,27.1,20.4,bali
2023-09-05,0.6,27.5,20.9,bali
2023-09-06,1.3,27.1,21.7,bali
2023-09-07,1.0,27.0,22.4,bali
2023-09-08,0.2,27.7,21.3,bali
2023-09-09,0.0,28.1,21.2,bali
2023-09-10,2.7,27.1,22.0,bali
2023-09-11,2.8,28.3,23.1,bali
2023-09-12,2.8,28.4,23.1,bali
2023-09-13,1.2,27.7,21.3,bali
2023-09-14,1.6,27.4,23.1,bali
2023-09-15,1.9,27.7,22.2,bali
2023-09-16,2.5,27.8,22.6,bali
2023-09-17,1.3,27.8,22.8,bali
2023-09-18,2.6,27.4,23.0,bali
2023-09-19,1.3,27.7,22.0,bali
2023-09-20,0.7,27.5,21.9,bali
2023-09-21,0.8,28.1,21.4,bali
2023-09-22,3.5,27.1,21.2,bali
2023-09-23,0.6,28.2,21.7,bali
2023-09-24,0.8,29.2,22.3,bali
2023-09-25,0.4,29.2,21.4,bali
2023-09-26,0.1,29.4,20.6,bali
2023-09-27,0.2,29.2,20.9,bali
2023-09-28,0.5,29.4,23.6,bali
2023-09-29,0.0,30.0,21.5,bali
2023-09-30,0.2,29.9,22.1,bali
2023-10-01,0.6,29.9,21.5,bali
2023-10-02,0.5,29.2,21.1,bali
2023-10-03,0.3,29.2,21.7,bali
2023-10-04,1.0,29.3,22.7,bali
2023-10-05,1.6,30.3,24.1,bali
2023-10-06,1.1,30.3,24.1,bali
2023-10-07,0.8,30.0,23.6,bali
2023-10-08,0.6,30.1,22.8,bali
2023-10-09,0.7,29.6,22.5,bali
2023-10-10,0.4,30.6,22.7,bali
2023-10-11,0.6,30.0,22.6,bali
2023-10-12,1.4,30.7,22.5,bali
2023-10-13,5.1,30.2,23.3,bali
2023-10-14,0.0,30.4,22.8,bali
2023-10-15,0.3,31.0,23.4,bali
2023-10-16,0.9,30.0,23.1,bali
2023-10-17,0.3,30.8,23.4,bali
2023-10-18,0.1,30.8,23.2,bali
2023-10-19,0.3,30.6,22.8,bali
2023-10-20,1.2,30.9,23.6,bali
2023-10-21,0.0,31.7,22.9,bali
2023-10-22,0.3,31.4,24.0,bali
2023-10-23,4.7,30.4,24.0,bali
2023-10-24,2.1,30.0,23.8,bali
2023-10-25,2.6,30.2,23.5,bali
2023-10-26,1.4,31.1,23.3,bali
2023-10-27,0.9,31.0,23.7,bali
2023-10-28,1.4,30.9,24.5,bali
2023-10-29,0.5,30.8,23.2,bali
2023-10-30,4.9,30.4,23.4,bali
2023-10-31,0.0,31.1,22.9,bali
2023-11-01,0.9,30.7,24.0,bali
2023-11-02,1.3,30.8,23.9,bali
2023-11-03,0.4,30.7,24.1,bali
2023-11-04,1.3,30.9,24.0,bali
2023-11-05,0.8,31.2,23.6,bali
2023-11-06,0.1,31.7,23.7,bali
2023-11-07,1.4,31.7,24.3,bali
2023-11-08,0.2,31.5,24.4,bali
2023-11-09,4.6,31.0,23.9,bali
2023-11-10,2.2,31.3,24.0,bali
2023-11-11,2.2,30.9,24.5,bali
2023-11-12,2.4,30.8,24.1,bali
2023-11-13,1.7,31.0,24.4,bali
2023-11-14,6.4,29.8,24.3,bali
2023-11-15,4.4,30.3,23.3,bali
2023-11-16,2.8,29.8,24.1,bali
2023-11-17,3.0,30.1,23.9,bali
2023-11-18,1.6,30.4,23.6,bali
2023-11-19,0.9,30.3,22.9,bali
2023-11-20,3.2,30.6,24.2,bali
2023-11-21,1.2,30.9,23.5,bali
2023-11-22,1.5,31.2,23.5,bali
2023-11-23,0.8,31.7,24.3,bali
2023-11-24,3.5,31.9,24.3,bali
2023-11-25,3.5,31.6,24.0,bali
2023-11-26,1.5,30.6,23.8,bali
2023-11-27,3.9,31.0,23.1,bali
2023-11-28,2.6,31.0,23.8,bali
2023-11-29,9.4,30.6,23.5,bali
2023-11-30,22.0,29.8,24.0,bali
2023-12-01,11.6,28.5,24.1,bali
2023-12-02,14.7,29.6,23.9,bali
2023-12-03,4.8,29.6,23.5,bali
2023-12-04,6.5,28.9,23.2,bali
2023-12-05,1.6,30.6,23.8,bali
2023-12-06,0.9,30.4,23.9,bali
2023-12-07,5.6,30.4,23.7,bali
2023-12-08,2.7,30.1,23.6,bali
2023-12-09,1.6,31.2,24.6,bali
2023-12-10,2.0,30.4,24.5,bali
2023-12-11,2.0,30.3,24.8,bali
2023-12-12,0.7,31.6,24.5,bali
2023-12-13,5.3,31.2,24.6,bali
2023-12-14,10.7,30.5,24.1,bali
2023-12-15,4.0,29.9,24.2,bali
2023-12-16,4.0,30.2,25.7,bali
2023-12-17,1.1,31.1,24.5,bali
2023-12-18,0.0,30.9,22.9,bali
2023-12-19,0.0,31.4,23.0,bali
2023-12-20,0.2,31.5,22.5,bali
2023-12-21,0.0,32.1,22.1,bali
2023-12-22,0.0,32.4,23.3,bali
2023-12-23,0.3,32.6,23.5,bali
2023-12-24,4.0,31.5,24.6,bali
2023-12-25,1.2,31.9,24.3,bali
2023-12-26,1.4,31.7,25.1,bali
2023-12-27,6.2,30.4,24.3,bali
2023-12-28,5.4,30.9,23.8,bali
2023-12-29,2.1,31.8,24.9,bali
2023-12-30,0.4,33.7,24.9,bali
2023-12-31,1.7,32.2,24.6,bali
2024-01-01,5.1,31.4,24.8,bali
2024-01-02,5.3,32.3,25.0,bali
2024-01-03,3.1,31.9,24.8,bali
2024-01-04,5.6,31.2,24.9,bali
2024-01-05,4.8,28.8,24.5,bali
2024-01-06,9.9,28.7,24.6,bali
2024-01-07,2.5,31.9,24.5,bali
2024-01-08,3.5,30.9,24.2,bali
2024-01-09,6.4,31.7,24.5,bali
2024-01-10,0.6,32.4,25.2,bali
2024-01-11,0.1,32.0,25.2,bali
2024-01-12,0.7,32.4,26.2,bali
2024-01-13,0.1,31.9,25.7,bali
2024-01-14,0.2,32.2,26.6,bali
2024-01-15,1.0,31.9,25.3,bali
2024-01-16,0.3,32.4,26.4,bali
2024-01-17,0.7,33.8,23.6,bali
2024-01-18,20.5,30.9,24.7,bali
2024-01-19,22.6,26.5,24.1,bali
2024-01-20,0.7,30.5,24.9,bali
2024-01-21,1.6,31.0,25.8,bali
2024-01-22,2.7,31.0,26.2,bali
2024-01-23,5.0,29.7,23.6,bali
2024-01-24,2.0,29.8,26.3,bali
2024-01-25,2.0,31.7,26.0,bali
2024-01-26,3.8,31.5,25.2,bali
2024-01-27,3.4,31.3,24.2,bali
2024-01-28,10.2,29.4,23.5,bali
2024-01-29,2.2,29.7,24.2,bali
2024-01-30,5.1,30.3,23.9,bali
2024-01-31,21.0,29.6,23.3,bali
2024-02-01,1.1,30.7,23.7,bali
2024-02-02,6.2,29.8,24.1,bali
2024-02-03,8.6,29.9,24.2,bali
2024-02-04,23.1,28.2,24.1,bali
2024-02-05,11.2,29.7,24.6,bali
2024-02-06,1.8,30.5,23.3,bali
2024-02-07,1.2,30.5,23.8,bali
2024-02-08,13.7,30.2,24.5,bali
2024-02-09,9.4,29.8,23.8,bali
2024-02-10,9.2,30.2,24.2,bali
2024-02-11,13.9,29.5,23.4,bali
2024-02-12,2.6,29.0,24.5,bali
2024-02-13,0.9,31.1,25.0,bali
2024-02-14,3.7,31.2,24.2,bali
2024-02-15,0.1,31.3,24.2,bali
2024-02-16,1.9,31.2,24.4,bali
2024-02-17,3.4,30.8,24.7,bali
2024-02-18,3.1,30.9,24.4,bali
2024-02-19,5.4,32.8,23.9,bali
2024-02-20,2.2,33.0,25.0,bali
2024-02-21,2.5,32.4,25.7,bali
2024-02-22,1.5,32.3,24.6,bali
2024-02-23,9.0,31.2,25.2,bali
2024-02-24,14.7,31.6,24.9,bali
2024-02-25,30.8,30.5,24.5,bali
2024-02-26,20.5,29.0,24.0,bali
2024-02-27,12.8,30.6,24.3,bali
2024-02-28,15.4,30.8,24.3,bali
2024-02-29,16.1,31.1,24.5,bali
2024-03-01,23.2,30.0,24.9,bali
2024-03-02,6.4,30.4,24.5,bali
2024-03-03,22.1,29.6,25.0,bali
2024-03-04,17.8,30.8,25.0,bali
2024-03-05,27.1,30.8,25.0,bali
2024-03-06,10.5,30.9,24.7,bali
2024-03-07,16.5,30.4,24.9,bali
2024-03-08,24.9,30.7,24.8,bali
2024-03-09,51.2,30.5,24.8,bali
2024-03-10,16.5,29.0,24.1,bali
2024-03-11,5.5,27.8,25.5,bali
2024-03-12,10.7,30.7,25.1,bali
2024-03-13,0.3,32.5,26.0,bali
2024-03-14,7.0,31.2,25.7,bali
2024-03-15,7.0,30.8,25.4,bali
2024-03-16,0.0,30.7,24.4,bali
2024-03-17,6.2,29.4,25.3,bali
2024-03-18,0.8,30.0,25.1,bali
2024-03-19,0.5,30.7,24.5,bali
2024-03-20,2.3,31.0,23.7,bali
2024-03-21,6.6,30.6,24.6,bali
2024-03-22,1.0,30.8,23.6,bali
2024-03-23,2.3,30.4,24.6,bali
2024-03-24,1.5,30.7,24.1,bali
2024-03-25,2.7,30.1,24.2,bali
2024-03-26,0.9,30.9,24.1,bali
2024-03-27,0.6,31.0,24.2,bali
2024-03-28,10.1,30.7,24.1,bali
2024-03-29,1.5,30.8,24.1,bali
2024-03-30,0.0,30.8,24.6,bali
2024-03-31,2.0,31.3,25.2,bali
2024-04-01,11.1,29.5,24.1,bali
2024-04-02,2.4,29.9,24.4,bali
2024-04-03,1.6,30.9,24.1,bali
2024-04-04,8.7,28.8,24.0,bali
2024-04-05,8.9,30.9,25.2,bali
2024-04-06,0.9,30.4,24.8,bali
2024-04-07,0.8,30.6,25.7,bali
2024-04-08,14.8,29.4,24.3,bali
2024-04-09,15.7,29.4,24.8,bali
2024-04-10,16.6,29.0,24.3,bali
2024-04-11,4.9,29.3,23.8,bali
2024-04-12,7.2,29.5,24.0,bali
2024-04-13,2.2,30.7,24.5,bali
2024-04-14,2.4,29.9,24.8,bali
2024-04-15,1.1,30.6,24.6,bali
2024-04-16,13.5,27.6,25.0,bali
2024-04-17,24.3,28.8,24.1,bali
2024-04-18,11.6,28.7,23.8,bali
2024-04-19,12.0,29.3,23.9,bali
2024-04-20,4.7,29.4,24.6,bali
2024-04-21,18.1,28.8,24.4,bali
2024-04-22,11.9,27.9,24.3,bali
2024-04-23,3.7,29.3,24.6,bali
2024-04-24,9.9,29.5,24.9,bali
2024-04-25,2.9,29.6,24.5,bali
2024-04-26,2.2,29.9,24.2,bali
2024-04-27,1.8,30.0,25.1,bali
2024-04-28,2.5,29.5,24.7,bali
2024-04-29,5.5,28.9,25.1,bali
2024-04-30,6.4,28.6,24.9,bali
2024-05-01,2.5,29.3,25.4,bali
2024-05-02,3.7,28.8,25.4,bali
2024-05-03,4.7,29.2,25.0,bali
2024-05-04,2.2,28.7,24.2,bali
2024-05-05,0.3,28.9,24.1,bali
2024-05-06,3.4,28.7,22.9,bali
2024-05-07,4.9,28.5,23.8,bali
2024-05-08,7.7,29.1,22.7,bali
2024-05-09,7.2,29.2,24.9,bali
2024-05-10,2.3,29.3,24.9,bali
2024-05-11,0.6,29.1,24.9,bali
2024-05-12,0.4,29.3,24.6,bali
2024-05-13,1.3,29.2,23.9,bali
2024-05-14,0.2,29.3,23.9,bali
2024-05-15,1.2,28.6,24.1,bali
2024-05-16,3.1,28.6,24.5,bali
2024-05-17,0.5,29.0,23.5,bali
2024-05-18,2.3,28.8,24.4,bali
2024-05-19,4.4,28.5,24.4,bali
2024-05-20,2.0,28.8,24.2,bali
2024-05-21,2.2,28.6,24.5,bali
2024-05-22,2.0,28.8,24.6,bali
2024-05-23,1.0,28.9,24.3,bali
2024-05-24,6.3,29.6,23.8,bali
2024-05-25,3.2,28.9,25.0,bali
2024-05-26,4.7,28.1,24.1,bali
2024-05-27,3.0,28.9,24.7,bali
2024-05-28,3.0,29.7,24.1,bali
2024-05-29,4.0,29.5,22.1,bali
2024-05-30,1.0,28.8,23.4,bali
2024-05-31,5.0,28.7,24.8,bali
2024-06-01,1.9,28.9,24.0,bali
2024-06-02,2.6,29.5,24.5,bali
2024-06-03,7.0,27.6,24.1,bali
2024-06-04,2.6,28.5,23.4,bali
2024-06-05,2.3,28.6,23.4,bali
2024-06-06,9.8,27.8,24.2,bali
2024-06-07,8.1,25.6,24.0,bali
2024-06-08,3.3,27.7,23.9,bali
2024-06-09,6.5,28.0,23.5,bali
2024-06-10,3.1,28.2,24.9,bali
2024-06-11,1.6,27.3,24.8,bali
2024-06-12,1.3,28.5,23.2,bali
2024-06-13,0.1,28.4,22.6,bali
2024-06-14,0.2,29.2,24.7,bali
2024-06-15,0.0,28.5,22.9,bali
2024-06-16,0.0,28.4,22.1,bali
2024-06-17,0.9,28.9,23.9,bali
2024-06-18,1.1,28.2,22.8,bali
2024-06-19,0.3,27.9,21.4,bali
2024-06-20,0.1,28.1,23.4,bali
2024-06-21,1.7,27.7,22.3,bali
2024-06-22,3.6,27.6,23.3,bali
2024-06-23,7.5,27.9,24.0,bali
2024-06-24,10.0,26.3,24.4,bali
2024-06-25,1.5,27.4,24.0,bali
2024-06-26,0.4,27.9,24.7,bali
2024-06-27,0.5,29.1,23.6,bali
2024-06-28,1.0,28.8,23.2,bali
2024-06-29,0.9,28.7,23.2,bali
2024-06-30,0.9,28.2,23.5,bali
2024-07-01,8.0,27.0,23.8,bali
2024-07-02,6.3,27.6,23.0,bali
2024-07-03,6.6,26.6,23.3,bali
2024-07-04,2.9,27.7,24.8,bali
2024-07-05,2.2,27.5,24.1,bali
2024-07-06,1.5,28.2,23.9,bali
2024-07-07,0.3,28.0,24.0,bali
2024-07-08,0.2,27.7,23.4,bali
2024-07-09,2.7,28.3,23.6,bali
2024-07-10,2.0,27.7,23.6,bali
2024-07-11,4.6,27.2,22.6,bali
2024-07-12,1.4,27.2,22.6,bali
2024-07-13,1.2,26.8,20.9,bali
2024-07-14,0.1,27.1,23.0,bali
2024-07-15,0.0,27.4,20.3,bali
2024-07-16,0.3,27.3,22.8,bali
2024-07-17,0.3,28.5,22.8,bali
2024-07-18,0.3,28.3,22.3,bali
2024-07-19,1.5,27.1,22.8,bali
2024-07-20,0.4,27.0,23.1,bali
2024-07-21,0.2,27.5,23.8,bali
2024-07-22,2.9,27.1,22.5,bali
2024-07-23,0.8,27.8,23.1,bali
2024-07-24,0.0,28.2,22.2,bali
2024-07-25,0.1,28.2,22.5,bali
2024-07-26,1.2,27.8,22.6,bali
2024-07-27,1.8,28.3,23.2,bali
2024-07-28,3.8,27.3,23.7,bali
2024-07-29,8.7,27.6,22.6,bali
2024-07-30,16.2,27.6,22.9,bali
2024-07-31,2.3,28.4,22.5,bali
2024-08-01,1.3,29.1,22.6,bali
2024-08-02,1.3,28.6,22.8,bali
2024-08-03,0.4,28.7,22.1,bali
2024-08-04,0.8,27.9,22.7,bali
2024-08-05,0.1,28.0,21.6,bali
2024-08-06,3.0,27.8,22.3,bali
2024-08-07,4.0,27.5,23.4,bali
2024-08-08,3.1,27.1,23.6,bali
2024-08-09,3.2,27.6,23.7,bali
2024-08-10,0.6,27.7,23.1,bali
2024-08-11,0.0,27.2,21.4,bali
2024-08-12,0.0,28.4,19.6,bali
2024-08-13,1.1,27.4,21.4,bali
2024-08-14,0.0,28.4,22.4,bali
2024-08-15,0.0,27.7,21.5,bali
2024-08-16,0.0,27.3,20.1,bali
2024-08-17,0.0,28.7,21.0,bali
2024-08-18,0.0,29.0,20.8,bali
2024-08-19,0.0,28.1,20.6,bali
2024-08-20,0.7,28.8,21.3,bali
2024-08-21,1.0,28.0,23.5,bali
2024-08-22,0.2,28.8,21.2,bali
2024-08-23,2.2,28.4,22.8,bali
2024-08-24,3.5,27.4,22.7,bali
2024-08-25,3.8,27.2,22.3,bali
2024-08-26,0.7,29.1,22.5,bali
2024-08-27,0.3,28.9,21.5,bali
2024-08-28,0.0,29.3,21.2,bali
2024-08-29,1.8,29.2,23.0,bali
2024-08-30,1.2,29.1,21.6,bali
2024-08-31,1.9,28.4,21.6,bali
2024-09-01,1.0,28.4,22.9,bali
2024-09-02,1.4,29.0,23.5,bali
2024-09-03,3.9,28.5,22.7,bali
2024-09-04,1.3,29.2,22.8,bali
2024-09-05,2.5,29.0,23.2,bali
2024-09-06,2.7,27.8,22.8,bali
2024-09-07,8.2,28.1,23.3,bali
2024-09-08,2.7,28.4,24.2,bali
2024-09-09,8.5,29.4,23.2,bali
2024-09-10,1.4,29.3,23.9,bali
2024-09-11,2.2,28.9,23.1,bali
2024-09-12,1.2,28.2,22.1,bali
2024-09-13,0.5,28.9,21.8,bali
2024-09-14,0.5,29.1,21.4,bali
2024-09-15,1.0,29.3,21.1,bali
2024-09-16,0.2,29.7,21.8,bali
2024-09-17,1.1,30.0,21.3,bali
2024-09-18,1.4,29.4,21.1,bali
2024-09-19,0.4,29.8,21.8,bali
2024-09-20,0.4,30.9,21.4,bali
2024-09-21,1.5,30.9,22.4,bali
2024-09-22,0.0,31.4,23.1,bali
2024-09-23,3.1,31.2,23.6,bali
2024-09-24,1.6,30.6,23.6,bali
2024-09-25,0.5,30.8,23.2,bali
2024-09-26,2.1,30.6,23.6,bali
2024-09-27,0.9,31.2,23.5,bali
2024-09-28,1.5,30.6,23.3,bali
2024-09-29,5.1,29.7,23.8,bali
2024-09-30,3.9,29.2,23.8,bali
2024-10-01,2.5,29.6,23.7,bali
2024-10-02,1.4,30.0,22.3,bali
2024-10-03,0.7,29.7,23.0,bali
2024-10-04,1.0,29.9,23.3,bali
2024-10-05,1.7,29.7,23.0,bali
2024-10-06,1.2,29.8,24.3,bali
2024-10-07,3.2,29.8,23.7,bali
2024-10-08,1.2,29.7,23.0,bali
2024-10-09,3.0,29.5,22.8,bali
2024-10-10,0.1,30.6,23.2,bali
2024-10-11,2.1,30.2,24.2,bali
2024-10-12,0.9,31.4,24.6,bali
2024-10-13,0.3,31.2,23.4,bali
2024-10-14,0.6,31.4,23.8,bali
2024-10-15,1.9,30.8,23.4,bali
2024-10-16,0.3,30.6,21.9,bali
2024-10-17,0.0,30.7,22.0,bali
2024-10-18,0.0,29.9,22.7,bali
2024-10-19,5.9,30.9,23.4,bali
2024-10-20,1.2,30.6,23.9,bali
2024-10-21,3.0,30.2,23.1,bali
2024-10-22,1.5,30.4,23.0,bali
2024-10-23,3.0,29.9,22.6,bali
2024-10-24,0.1,31.0,23.1,bali
2024-10-25,0.2,31.9,22.9,bali
2024-10-26,0.9,30.9,23.5,bali
2024-10-27,0.0,31.5,23.4,bali
2024-10-28,0.2,32.1,23.6,bali
2024-10-29,5.4,31.6,23.6,bali
2024-10-30,13.3,30.8,23.0,bali
2024-10-31,14.5,30.0,22.9,bali
2024-11-01,17.2,30.3,23.4,bali
2024-11-02,22.9,30.0,23.9,bali
2024-11-03,32.0,30.2,22.7,bali
2024-11-04,2.8,29.3,22.7,bali
2024-11-05,4.2,29.7,22.6,bali
2024-11-06,0.2,30.7,24.2,bali
2024-11-07,4.5,30.0,23.7,bali
2024-11-08,8.8,29.9,23.4,bali
2024-11-09,13.8,29.9,24.3,bali
2024-11-10,7.3,30.6,23.3,bali
2024-11-11,1.5,30.7,23.2,bali
2024-11-12,0.4,31.4,24.0,bali
2024-11-13,1.2,32.1,24.4,bali
2024-11-14,2.5,31.8,25.2,bali
2024-11-15,0.8,33.9,24.4,bali
2024-11-16,0.4,32.5,25.3,bali
2024-11-17,5.5,32.7,24.6,bali
2024-11-18,0.6,33.0,25.0,bali
2024-11-19,4.3,31.2,25.2,bali
2024-11-20,0.7,31.6,25.0,bali
2024-11-21,3.2,32.7,24.7,bali
2024-11-22,1.1,33.5,25.8,bali
2024-11-23,1.8,32.5,25.7,bali
2024-11-24,0.5,33.5,25.8,bali
2024-11-25,7.2,30.9,25.0,bali
2024-11-26,9.9,30.2,24.6,bali
2024-11-27,9.6,30.2,24.7,bali
2024-11-28,6.2,29.2,24.9,bali
2024-11-29,10.4,28.1,24.0,bali
2024-11-30,26.3,27.8,24.5,bali
2024-12-01,4.8,28.9,24.6,bali
2024-12-02,6.8,30.1,24.9,bali
2024-12-03,4.0,30.2,25.0,bali
2024-12-04,19.8,30.5,25.1,bali
2024-12-05,11.6,29.4,24.6,bali
2024-12-06,21.1,26.9,24.2,bali
2024-12-07,3.1,28.0,24.5,bali
2024-12-08,18.2,28.7,23.5,bali
2024-12-09,45.7,27.4,24.4,bali
2024-12-10,13.2,28.2,24.3,bali
2024-12-11,17.5,29.6,25.0,bali
2024-12-12,7.8,28.1,24.6,bali
2024-12-13,0.5,29.6,24.5,bali
2024-12-14,4.5,31.1,24.5,bali
2024-12-15,7.0,29.7,24.6,bali
2024-12-16,18.1,27.9,24.5,bali
2024-12-17,17.4,30.0,24.8,bali
2024-12-18,15.8,27.6,24.8,bali
2024-12-19,4.1,29.5,25.2,bali
2024-12-20,12.3,29.5,24.4,bali
2024-12-21,18.4,27.7,24.0,bali
2024-12-22,41.4,26.5,23.8,bali
2024-12-23,1.9,29.6,24.5,bali
2024-12-24,3.3,29.7,24.8,bali
2024-12-25,7.2,28.2,23.8,bali
2024-12-26,8.9,28.0,23.7,bali
2024-12-27,24.7,28.4,24.4,bali
2024-12-28,16.8,26.1,24.3,bali
2024-12-29,12.7,27.6,24.4,bali
2024-12-30,5.8,30.8,24.6,bali
2024-12-31,21.4,29.9,24.3,bali
2025-01-01,10.9,28.1,24.3,bali
2025-01-02,29.3,26.8,24.1,bali
2025-01-03,16.4,27.7,22.8,bali
2025-01-04,15.1,26.3,22.5,bali
2025-01-05,17.7,27.6,22.8,bali
2025-01-06,23.1,28.1,23.8,bali
2025-01-07,18.1,29.3,23.8,bali
2025-01-08,10.0,29.4,24.7,bali
2025-01-09,17.9,29.7,23.2,bali
2025-01-10,8.8,27.7,23.2,bali
2025-01-11,14.3,27.2,24.2,bali
2025-01-12,17.1,27.3,23.7,bali
2025-01-13,15.8,28.3,24.3,bali
2025-01-14,18.9,29.7,24.3,bali
2025-01-15,12.3,29.7,24.6,bali
2025-01-16,13.3,29.5,23.8,bali
2025-01-17,2.7,30.7,24.1,bali
2025-01-18,8.3,30.3,24.7,bali
2025-01-19,17.7,29.8,25.3,bali
2025-01-20,23.8,28.0,24.3,bali
2025-01-21,19.2,28.8,23.8,bali
2025-01-22,10.3,29.0,23.3,bali
2025-01-23,10.8,28.4,23.6,bali
2025-01-24,2.5,28.5,24.1,bali
2025-01-25,1.2,29.5,24.7,bali
2025-01-26,5.0,29.2,24.5,bali
2025-01-27,13.9,28.2,23.8,bali
2025-01-28,7.9,29.8,23.5,bali
2025-01-29,1.2,30.0,24.4,bali
2025-01-30,5.2,29.5,25.2,bali
2025-01-31,1.1,29.7,24.9,bali
2025-02-01,1.2,29.2,24.6,bali
2025-02-02,0.0,31.7,25.4,bali
2025-02-03,0.2,33.1,24.9,bali
2025-02-04,0.4,33.4,25.4,bali
2025-02-05,0.8,34.1,25.2,bali
2025-02-06,1.4,33.2,25.1,bali
2025-02-07,0.6,31.5,25.5,bali
2025-02-08,21.0,28.6,22.4,bali
2025-02-09,20.9,27.0,23.3,bali
2025-02-10,27.4,26.5,23.7,bali
2025-02-11,20.0,28.6,23.8,bali
2025-02-12,22.7,26.1,24.1,bali
2025-02-13,7.0,28.9,24.0,bali
2025-02-14,1.3,30.1,24.0,bali
2025-02-15,3.2,30.6,24.2,bali
2025-02-16,9.8,30.0,23.9,bali
2025-02-17,6.3,28.8,23.8,bali
2025-02-18,9.8,28.8,24.0,bali
2025-02-19,8.7,29.5,23.7,bali
2025-02-20,4.9,27.6,23.6,bali
2025-02-21,9.5,28.5,24.8,bali
2025-02-22,21.9,29.4,23.6,bali
2025-02-23,5.3,29.6,23.8,bali
2025-02-24,32.8,28.8,23.4,bali
2025-02-25,7.3,28.6,23.6,bali
2025-02-26,4.9,28.3,23.7,bali
2025-02-27,5.2,29.3,23.6,bali
2025-02-28,2.5,29.7,23.6,bali
2025-03-01,0.4,30.0,23.6,bali
2025-03-02,3.3,30.5,24.6,bali
2025-03-03,10.8,30.4,24.6,bali
2025-03-04,3.0,31.0,24.5,bali
2025-03-05,0.4,31.3,24.4,bali
2025-03-06,0.3,31.1,24.7,bali
2025-03-07,1.2,31.0,24.5,bali
2025-03-08,2.1,32.1,24.4,bali
2025-03-09,4.2,29.8,24.5,bali
2025-03-10,8.8,31.5,25.1,bali
2025-03-11,5.1,31.2,24.4,bali
2025-03-12,8.1,31.4,24.2,bali
2025-03-13,0.9,31.4,25.1,bali
2025-03-14,5.4,31.4,24.3,bali
2025-03-15,3.6,30.9,24.5,bali
2025-03-16,5.6,30.5,24.9,bali
2025-03-17,3.2,30.7,24.0,bali
2025-03-18,9.3,30.7,23.6,bali
2025-03-19,33.1,25.7,23.4,bali
2025-03-20,21.7,29.6,23.6,bali
2025-03-21,8.9,28.0,24.4,bali
2025-03-22,18.8,29.5,24.4,bali
2025-03-23,1.0,29.6,25.5,bali
2025-03-24,1.6,31.9,23.7,bali
2025-03-25,6.0,31.3,25.6,bali
2025-03-26,0.7,30.8,24.7,bali
2025-03-27,17.3,30.8,24.4,bali
2025-03-28,9.9,30.5,24.4,bali
2025-03-29,5.9,29.0,25.1,bali
2025-03-30,6.6,28.3,24.3,bali
2025-03-31,5.7,29.1,24.3,bali
2025-04-01,0.0,29.4,24.4,bali
2025-04-02,0.6,29.7,23.9,bali
2025-04-03,0.1,30.3,23.4,bali
2025-04-04,0.2,30.3,22.9,bali
2025-04-05,0.0,32.1,23.0,bali
2025-04-06,0.0,32.3,24.0,bali
2025-04-07,0.2,31.8,24.3,bali
2025-04-08,8.3,31.8,24.7,bali
2025-04-09,24.7,29.3,24.2,bali
2025-04-10,23.4,30.4,23.6,bali
2025-04-11,1.3,29.5,24.6,bali
2025-04-12,3.3,30.4,24.0,bali
2025-04-13,1.6,30.6,23.7,bali
2025-04-14,0.4,30.8,24.6,bali
2025-04-15,0.0,32.9,23.8,bali
2025-04-16,0.4,31.7,24.4,bali
2025-04-17,1.7,31.1,25.2,bali
2025-04-18,9.9,30.3,25.0,bali
2025-04-19,7.2,30.1,24.1,bali
2025-04-20,2.8,29.8,24.2,bali
2025-04-21,0.9,30.5,23.3,bali
2025-04-22,1.0,29.7,23.7,bali
2025-04-23,0.0,31.4,23.1,bali
2025-04-24,0.0,32.2,23.3,bali
2025-04-25,0.2,31.4,23.7,bali
2025-04-26,0.1,31.6,23.6,bali
2025-04-27,0.0,32.5,23.9,bali
2025-04-28,0.1,31.6,23.2,bali
2025-04-29,1.1,30.9,25.0,bali
2025-04-30,1.2,30.3,24.4,bali
2025-05-01,2.1,31.9,24.4,bali
2025-05-02,2.4,32.1,23.9,bali
2025-05-03,0.3,31.4,24.0,bali
2025-05-04,1.2,30.9,24.2,bali
2025-05-05,4.5,29.7,24.4,bali
2025-05-06,18.3,28.8,24.2,bali
2025-05-07,12.8,28.6,23.4,bali
2025-05-08,7.5,30.5,24.2,bali
2025-05-09,22.2,29.3,24.8,bali
2025-05-10,14.7,29.3,24.0,bali
2025-05-11,26.7,30.5,24.1,bali
2025-05-12,30.3,29.6,23.5,bali
2025-05-13,17.7,29.1,24.8,bali
2025-05-14,13.6,28.7,24.6,bali
2025-05-15,6.2,29.9,24.6,bali
2025-05-16,11.9,29.8,24.9,bali
2025-05-17,5.5,29.3,25.2,bali
2025-05-18,4.9,28.4,25.9,bali
2025-05-19,7.4,28.8,25.3,bali
2025-05-20,5.1,28.7,25.1,bali
2025-05-21,3.8,28.8,24.6,bali
2025-05-22,10.0,28.7,25.1,bali
2025-05-23,8.2,28.8,24.4,bali
2025-05-24,5.0,29.3,23.7,bali
2025-05-25,8.8,30.2,24.2,bali
2025-05-26,5.1,30.9,24.5,bali
2025-05-27,6.5,29.2,24.1,bali
2025-05-28,0.0,30.3,23.8,bali
2025-05-29,0.0,30.1,24.0,bali
2025-05-30,19.1,29.6,24.1,bali
2025-05-31,11.3,28.8,24.8,bali
2025-06-01,1.5,29.2,24.4,bali
2025-06-02,0.2,29.8,23.4,bali
2025-06-03,0.8,29.1,23.9,bali
2025-06-04,0.3,29.2,23.8,bali
2025-06-05,0.0,29.9,24.1,bali
2025-06-06,0.2,30.2,24.7,bali
2025-06-07,6.8,26.7,24.0,bali
2025-06-08,8.0,27.7,24.0,bali
2025-06-09,4.4,28.3,24.5,bali
2025-06-10,9.2,28.2,23.7,bali
2025-06-11,0.7,28.5,25.0,bali
2025-06-12,2.4,28.3,25.2,bali
2025-06-13,32.0,28.0,23.7,bali
2025-06-14,17.0,29.0,24.1,bali
2025-06-15,4.5,29.1,24.0,bali
2025-06-16,3.6,29.0,24.4,bali
2025-06-17,6.2,28.2,24.4,bali
2025-06-18,0.0,28.6,23.1,bali
2025-06-19,0.5,28.5,22.9,bali
2025-06-20,0.1,29.0,22.7,bali
2025-06-21,2.8,28.8,24.0,bali
2025-06-22,2.4,28.7,24.8,bali
2025-06-23,4.3,26.9,25.1,bali
2025-06-24,0.0,28.3,23.3,bali
2025-06-25,12.5,26.4,23.2,bali
2025-06-26,19.2,27.2,23.2,bali
2025-06-27,15.9,27.9,23.0,bali
2025-06-28,4.3,27.4,23.6,bali
2025-06-29,4.3,27.3,23.2,bali
2025-06-30,1.9,27.9,24.3,bali
2025-07-01,2.1,27.8,23.8,bali
2025-07-02,2.1,27.7,24.4,bali
2025-07-03,8.0,26.8,23.8,bali
2025-07-04,1.0,27.0,23.6,bali
2025-07-05,5.7,26.9,24.0,bali
2025-07-06,18.8,27.0,23.6,bali
2025-07-07,1.2,28.1,22.5,bali
2025-07-08,1.9,26.9,22.9,bali
2025-07-09,0.1,27.1,22.8,bali
2025-07-10,0.0,27.1,21.6,bali
2025-07-11,0.4,27.7,22.1,bali
2025-07-12,5.7,28.0,22.9,bali
2025-07-13,0.4,28.4,24.5,bali
2025-07-14,6.2,27.2,23.8,bali
2025-07-15,0.4,28.5,23.3,bali
2025-07-16,0.4,27.3,23.2,bali
2025-07-17,0.1,27.7,22.2,bali
2025-07-18,0.5,27.3,21.8,bali
2025-07-19,0.0,27.4,20.8,bali
2025-07-20,0.2,28.1,20.9,bali
2025-07-21,0.5,28.2,21.3,bali
2025-07-22,0.4,27.9,21.4,bali
2025-07-23,0.4,28.7,22.2,bali
2025-07-24,1.3,28.5,22.8,bali
2025-07-25,1.8,28.0,23.8,bali
2025-07-26,0.3,28.1,24.2,bali
2025-07-27,0.6,28.6,23.6,bali
2025-07-28,9.8,27.1,23.7,bali
2025-07-29,4.4,26.7,23.3,bali
2025-07-30,6.1,25.6,23.5,bali
2025-07-31,2.0,27.3,23.6,bali
2025-08-01,2.1,27.6,23.7,bali
2025-08-02,1.4,28.4,22.7,bali
2025-08-03,4.2,28.6,23.0,bali
2025-08-04,0.0,28.7,22.8,bali
2025-08-05,1.3,28.0,22.9,bali
2025-08-06,0.0,28.1,22.6,bali
2025-08-07,0.0,28.3,21.6,bali
2025-08-08,0.7,29.4,22.5,bali
2025-08-09,3.6,28.0,23.5,bali
2025-08-10,0.8,28.3,22.8,bali
2025-08-11,0.9,28.5,23.2,bali
2025-08-12,1.6,28.5,23.9,bali
2025-08-13,0.7,28.3,23.3,bali
2025-08-14,0.1,27.7,24.1,bali
2025-08-15,3.0,27.1,23.3,bali
2025-08-16,2.8,27.6,22.2,bali
2025-08-17,0.1,28.2,22.7,bali
2025-08-18,2.8,28.7,23.2,bali
2025-08-19,6.5,28.2,22.5,bali
2025-08-20,0.1,28.3,22.4,bali
2025-08-21,0.0,28.2,22.2,bali
2025-08-22,0.4,28.3,21.5,bali
2025-08-23,0.9,30.6,21.5,bali
2025-08-24,0.0,29.5,21.6,bali
2025-08-25,0.0,29.4,22.1,bali
2025-08-26,2.3,28.2,22.9,bali
2025-08-27,6.4,26.8,22.9,bali
2025-08-28,0.8,27.3,24.1,bali
2025-08-29,2.1,27.1,23.8,bali
2025-08-30,0.3,28.2,24.4,bali
2025-08-31,0.3,28.9,22.7,bali
2025-09-01,0.0,29.6,22.1,bali
2025-09-02,0.2,29.9,23.1,bali
2025-09-03,0.9,28.8,23.7,bali
2025-09-04,1.1,29.3,24.1,bali
2025-09-05,0.0,29.7,23.6,bali
2025-09-06,0.2,29.6,22.6,bali
2025-09-07,0.0,29.1,22.7,bali
2025-09-08,3.2,29.4,24.9,bali
2025-09-09,59.5,25.3,23.3,bali
2025-09-10,119.2,27.2,23.3,bali
2025-09-11,3.3,28.8,24.0,bali
2025-09-12,1.3,28.4,23.8,bali
2025-09-13,0.4,28.9,22.9,bali
2025-09-14,7.4,28.0,23.0,bali
2025-09-15,8.9,27.4,22.4,bali
2025-09-16,2.4,27.6,23.3,bali
2025-09-17,0.7,28.0,23.9,bali
2025-09-18,5.7,27.5,23.0,bali
2025-09-19,5.8,28.1,23.6,bali
2025-09-20,3.2,28.3,24.3,bali
2025-09-21,0.4,28.2,23.4,bali
2025-09-22,0.4,29.6,22.6,bali
2025-09-23,0.0,28.2,22.3,bali
2025-09-24,1.7,28.8,22.6,bali
2025-09-25,1.0,29.5,22.7,bali
2025-09-26,0.8,29.1,23.7,bali
2025-09-27,3.8,29.2,24.3,bali
2025-09-28,2.0,29.5,23.1,bali
2025-09-29,6.5,28.9,22.9,bali
2025-09-30,10.5,27.5,24.0,bali
2025-10-01,1.3,29.3,23.5,bali
2025-10-02,0.0,29.7,23.9,bali
2025-10-03,0.0,29.5,22.6,bali
2025-10-04,0.4,30.0,22.5,bali
2025-10-05,2.1,30.3,23.3,bali
2025-10-06,1.1,29.4,22.5,bali
2025-10-07,0.0,29.6,22.0,bali
2025-10-08,0.2,29.8,22.9,bali
2025-10-09,0.1,29.6,22.7,bali
2025-10-10,1.2,29.1,22.4,bali
2025-10-11,5.6,29.7,23.9,bali
2025-10-12,8.2,29.7,23.3,bali
2025-10-13,5.6,30.1,24.5,bali
2025-10-14,6.7,29.6,24.4,bali
2025-10-15,1.5,29.6,23.6,bali
2025-10-16,2.9,29.3,24.0,bali
2025-10-17,4.2,30.5,24.5,bali
2025-10-18,1.7,30.1,24.6,bali
2025-10-19,15.9,29.7,24.0,bali
2025-10-20,0.9,30.8,23.9,bali
2025-10-21,2.3,28.9,25.0,bali
2025-10-22,0.2,30.4,24.1,bali
2025-10-23,5.3,30.1,24.2,bali
2025-10-24,0.5,30.0,24.0,bali
2025-10-25,1.3,30.4,24.2,bali
2025-10-26,2.1,29.5,23.6,bali
2025-10-27,4.2,29.5,24.7,bali
2025-10-28,4.8,30.6,24.6,bali
2025-10-29,11.7,28.4,23.8,bali
2025-10-30,9.6,28.4,23.8,bali
2025-10-31,16.9,29.6,24.8,bali
2025-11-01,7.0,29.6,24.7,bali
2025-11-02,18.3,29.1,24.1,bali
2025-11-03,13.7,28.6,23.9,bali
2025-11-04,25.1,29.7,24.1,bali
2025-11-05,25.7,29.1,23.4,bali
2025-11-06,3.1,28.4,24.2,bali
2025-11-07,5.3,30.0,24.8,bali
2025-11-08,7.8,31.3,23.9,bali
2025-11-09,29.8,26.1,23.2,bali
2025-11-10,0.4,29.7,24.4,bali
2025-11-11,23.9,29.7,23.6,bali
2025-11-12,24.4,30.2,23.9,bali
2025-11-13,3.2,28.9,24.1,bali
2025-11-14,4.6,28.2,25.0,bali
2025-11-15,0.8,29.5,24.6,bali
2025-11-16,0.1,29.7,24.1,bali
2025-11-17,2.4,29.8,24.9,bali
2025-11-18,0.8,29.6,24.2,bali
2025-11-19,2.0,30.0,23.7,bali
2025-11-20,0.1,31.0,24.1,bali
2025-11-21,0.9,31.2,24.3,bali
2025-11-22,2.5,31.3,24.7,bali
2025-11-23,34.3,30.0,24.1,bali
2025-11-24,2.2,29.8,24.1,bali
2025-11-25,0.3,30.0,25.1,bali
2025-11-26,5.7,31.5,25.2,bali
2025-11-27,4.4,30.0,24.6,bali
2025-11-28,1.6,30.5,25.3,bali
2025-11-29,1.0,30.5,25.1,bali
2025-11-30,0.0,31.1,25.0,bali
2025-12-01,4.5,31.6,24.9,bali
2025-12-02,2.8,30.8,24.2,bali
2025-12-03,0.6,31.3,24.0,bali
2025-12-04,1.8,32.0,24.4,bali
2025-12-05,0.5,31.2,24.4,bali
2025-12-06,1.8,31.1,24.4,bali
2025-12-07,0.8,31.7,24.5,bali
2025-12-08,0.9,30.7,24.6,bali
2025-12-09,2.2,31.0,24.6,bali
2025-12-10,1.7,30.3,24.4,bali
2025-12-11,4.6,30.8,24.8,bali
2025-12-12,17.4,31.4,25.9,bali
2025-12-13,10.9,30.6,25.0,bali
2025-12-14,36.5,27.3,24.8,bali
2025-12-15,23.5,30.8,24.6,bali
2025-12-16,2.3,29.5,24.6,bali
2025-12-17,1.9,30.7,24.8,bali
2025-12-18,2.5,31.7,23.5,bali
2025-12-19,7.8,29.1,24.2,bali
2025-12-20,0.7,30.2,24.7,bali
2025-12-21,11.3,30.8,23.4,bali
2025-12-22,5.9,28.9,24.6,bali
2025-12-23,6.1,29.8,25.3,bali
2025-12-24,4.7,29.5,24.7,bali
2025-12-25,1.8,30.2,24.6,bali
2025-12-26,3.7,29.3,24.8,bali
2025-12-27,13.1,26.6,24.3,bali
2025-12-28,3.8,29.0,25.5,bali
2025-12-29,0.3,30.2,25.6,bali
2025-12-30,0.4,30.9,25.7,bali
2025-12-31,0.0,32.0,24.6,bali
2023-01-01,9.6,28.8,21.9,yogyakarta
2023-01-02,4.0,29.4,22.0,yogyakarta
2023-01-03,2.5,28.7,23.0,yogyakarta
2023-01-04,13.8,28.2,22.1,yogyakarta
2023-01-05,5.3,27.8,22.8,yogyakarta
2023-01-06,6.3,28.3,23.4,yogyakarta
2023-01-07,3.3,28.8,21.3,yogyakarta
2023-01-08,2.3,29.1,22.4,yogyakarta
2023-01-09,5.7,29.4,22.1,yogyakarta
2023-01-10,8.1,29.6,22.0,yogyakarta
2023-01-11,0.9,29.1,22.3,yogyakarta
2023-01-12,2.2,29.3,22.2,yogyakarta
2023-01-13,1.4,29.7,23.1,yogyakarta
2023-01-14,3.7,29.5,22.6,yogyakarta
2023-01-15,1.0,30.0,23.2,yogyakarta
2023-01-16,13.7,29.7,22.8,yogyakarta
2023-01-17,14.6,28.6,22.4,yogyakarta
2023-01-18,1.7,28.3,22.5,yogyakarta
2023-01-19,3.1,28.3,22.0,yogyakarta
2023-01-20,10.1,28.8,22.3,yogyakarta
2023-01-21,1.9,28.1,22.4,yogyakarta
2023-01-22,7.1,28.8,22.1,yogyakarta
2023-01-23,0.5,30.0,23.0,yogyakarta
2023-01-24,1.2,29.7,21.6,yogyakarta
2023-01-25,7.0,29.3,22.6,yogyakarta
2023-01-26,16.2,27.3,22.7,yogyakarta
2023-01-27,20.1,29.0,22.7,yogyakarta
2023-01-28,23.2,29.2,22.9,yogyakarta
2023-01-29,14.4,29.8,22.3,yogyakarta
2023-01-30,2.9,29.2,22.9,yogyakarta
2023-01-31,7.5,28.1,23.2,yogyakarta
2023-02-01,22.3,29.4,23.4,yogyakarta
2023-02-02,9.2,29.1,23.4,yogyakarta
2023-02-03,12.3,28.5,22.5,yogyakarta
2023-02-04,11.1,29.5,23.0,yogyakarta
2023-02-05,11.4,29.9,23.5,yogyakarta
2023-02-06,0.9,28.0,23.7,yogyakarta
2023-02-07,26.9,29.5,22.2,yogyakarta
2023-02-08,21.3,27.9,23.1,yogyakarta
2023-02-09,27.1,29.1,22.8,yogyakarta
2023-02-10,20.9,29.7,23.2,yogyakarta
2023-02-11,12.2,30.0,22.7,yogyakarta
2023-02-12,11.5,29.0,22.2,yogyakarta
2023-02-13,24.9,28.8,22.8,yogyakarta
2023-02-14,17.5,28.4,22.3,yogyakarta
2023-02-15,24.1,26.0,22.6,yogyakarta
2023-02-16,39.6,27.9,22.7,yogyakarta
2023-02-17,20.3,28.1,23.3,yogyakarta
2023-02-18,1.4,29.3,22.0,yogyakarta
2023-02-19,7.9,28.6,21.5,yogyakarta
2023-02-20,15.9,29.5,22.2,yogyakarta
2023-02-21,18.8,29.4,21.9,yogyakarta
2023-02-22,12.7,29.4,22.7,yogyakarta
2023-02-23,15.5,29.3,21.9,yogyakarta
2023-02-24,8.7,28.8,22.7,yogyakarta
2023-02-25,8.0,29.2,22.9,yogyakarta
2023-02-26,9.6,29.8,22.8,yogyakarta
2023-02-27,14.6,28.6,22.2,yogyakarta
2023-02-28,33.0,29.4,22.5,yogyakarta
2023-03-01,29.5,26.9,21.7,yogyakarta
2023-03-02,52.6,27.9,22.0,yogyakarta
2023-03-03,0.6,29.3,21.9,yogyakarta
2023-03-04,8.1,29.7,21.9,yogyakarta
2023-03-05,5.7,28.5,22.1,yogyakarta
2023-03-06,3.7,29.2,22.4,yogyakarta
2023-03-07,1.7,29.6,22.0,yogyakarta
2023-03-08,1.9,28.9,22.2,yogyakarta
2023-03-09,4.2,29.8,23.0,yogyakarta
2023-03-10,5.0,30.3,22.6,yogyakarta
2023-03-11,1.6,30.1,22.8,yogyakarta
2023-03-12,0.0,30.6,22.3,yogyakarta
2023-03-13,0.4,30.2,22.5,yogyakarta
2023-03-14,1.8,29.9,22.1,yogyakarta
2023-03-15,5.5,31.5,22.1,yogyakarta
2023-03-16,10.9,31.0,23.3,yogyakarta
2023-03-17,19.7,29.8,22.7,yogyakarta
2023-03-18,2.9,30.2,22.2,yogyakarta
2023-03-19,13.3,30.7,23.1,yogyakarta
2023-03-20,26.6,29.2,22.7,yogyakarta
2023-03-21,8.4,32.0,22.3,yogyakarta
2023-03-22,32.9,30.4,22.7,yogyakarta
2023-03-23,0.4,31.2,23.5,yogyakarta
2023-03-24,4.8,30.4,23.8,yogyakarta
2023-03-25,16.5,29.1,23.8,yogyakarta
2023-03-26,9.3,29.6,22.5,yogyakarta
2023-03-27,12.5,29.2,22.5,yogyakarta
2023-03-28,11.3,30.3,23.7,yogyakarta
2023-03-29,10.0,30.8,22.9,yogyakarta
2023-03-30,16.3,31.6,22.9,yogyakarta
2023-03-31,3.7,29.2,22.9,yogyakarta
2023-04-01,34.0,28.1,22.9,yogyakarta
2023-04-02,4.9,29.4,22.3,yogyakarta
2023-04-03,12.1,30.0,23.2,yogyakarta
2023-04-04,1.7,28.7,22.7,yogyakarta
2023-04-05,2.3,30.1,21.4,yogyakarta
2023-04-06,3.0,29.2,21.9,yogyakarta
2023-04-07,0.0,29.6,22.6,yogyakarta
2023-04-08,4.0,29.0,23.0,yogyakarta
2023-04-09,0.9,30.5,21.6,yogyakarta
2023-04-10,11.2,29.1,23.0,yogyakarta
2023-04-11,3.1,29.3,22.8,yogyakarta
2023-04-12,11.5,29.1,22.9,yogyakarta
2023-04-13,9.8,28.4,23.1,yogyakarta
2023-04-14,3.2,28.0,22.7,yogyakarta
2023-04-15,1.5,29.5,22.9,yogyakarta
2023-04-16,1.0,30.6,22.7,yogyakarta
2023-04-17,1.9,30.6,23.4,yogyakarta
2023-04-18,10.2,30.4,23.4,yogyakarta
2023-04-19,0.9,31.8,23.4,yogyakarta
2023-04-20,5.2,31.1,23.1,yogyakarta
2023-04-21,0.8,31.7,22.2,yogyakarta
2023-04-22,27.7,32.0,23.1,yogyakarta
2023-04-23,9.2,31.4,22.8,yogyakarta
2023-04-24,12.0,30.8,24.0,yogyakarta
2023-04-25,5.3,30.7,22.7,yogyakarta
2023-04-26,3.3,30.7,23.7,yogyakarta
2023-04-27,10.2,30.5,22.4,yogyakarta
2023-04-28,20.4,30.0,23.4,yogyakarta
2023-04-29,24.0,29.4,23.3,yogyakarta
2023-04-30,1.0,31.4,23.2,yogyakarta
2023-05-01,11.1,30.5,23.2,yogyakarta
2023-05-02,6.5,31.1,23.2,yogyakarta
2023-05-03,9.7,30.6,23.8,yogyakarta
2023-05-04,18.0,30.7,23.8,yogyakarta
2023-05-05,21.3,30.3,23.7,yogyakarta
2023-05-06,7.3,28.0,23.6,yogyakarta
2023-05-07,10.8,30.6,23.4,yogyakarta
2023-05-08,0.2,32.0,24.3,yogyakarta
2023-05-09,2.3,30.7,23.6,yogyakarta
2023-05-10,1.3,31.8,23.9,yogyakarta
2023-05-11,13.9,32.1,23.6,yogyakarta
2023-05-12,4.5,32.4,23.2,yogyakarta
2023-05-13,0.5,29.7,22.5,yogyakarta
2023-05-14,0.2,29.5,22.1,yogyakarta
2023-05-15,0.1,29.0,21.6,yogyakarta
2023-05-16,0.0,29.8,21.1,yogyakarta
2023-05-17,0.0,30.2,20.8,yogyakarta
2023-05-18,0.2,29.4,21.1,yogyakarta
2023-05-19,0.6,31.0,22.3,yogyakarta
2023-05-20,0.1,31.6,21.4,yogyakarta
2023-05-21,0.0,31.8,21.2,yogyakarta
2023-05-22,0.7,31.4,21.6,yogyakarta
2023-05-23,0.1,31.4,20.5,yogyakarta
2023-05-24,0.0,31.3,21.1,yogyakarta
2023-05-25,0.0,31.9,21.4,yogyakarta
2023-05-26,0.0,32.9,20.9,yogyakarta
2023-05-27,0.0,32.5,22.1,yogyakarta
2023-05-28,0.0,32.1,21.7,yogyakarta
2023-05-29,0.0,31.3,21.3,yogyakarta
2023-05-30,0.0,32.3,20.6,yogyakarta
2023-05-31,0.8,30.9,21.9,yogyakarta
2023-06-01,0.5,33.2,21.8,yogyakarta
2023-06-02,0.3,32.7,23.2,yogyakarta
2023-06-03,1.4,32.1,22.0,yogyakarta
2023-06-04,2.4,31.2,22.5,yogyakarta
2023-06-05,2.0,30.9,22.3,yogyakarta
2023-06-06,4.3,29.6,23.2,yogyakarta
2023-06-07,6.5,30.7,23.6,yogyakarta
2023-06-08,7.3,31.4,22.8,yogyakarta
2023-06-09,0.2,31.1,22.4,yogyakarta
2023-06-10,0.1,31.4,22.0,yogyakarta
2023-06-11,1.6,31.4,20.9,yogyakarta
2023-06-12,11.3,32.8,22.5,yogyakarta
2023-06-13,0.0,32.7,23.0,yogyakarta
2023-06-14,0.0,31.8,23.9,yogyakarta
2023-06-15,0.0,32.3,22.8,yogyakarta
2023-06-16,1.1,31.6,21.5,yogyakarta
2023-06-17,0.3,32.7,21.4,yogyakarta
2023-06-18,3.5,31.7,22.5,yogyakarta
2023-06-19,0.7,31.2,22.3,yogyakarta
2023-06-20,2.8,30.5,21.7,yogyakarta
2023-06-21,0.7,31.0,22.4,yogyakarta
2023-06-22,0.0,31.9,21.5,yogyakarta
2023-06-23,2.0,29.9,23.1,yogyakarta
2023-06-24,0.0,31.7,21.6,yogyakarta
2023-06-25,0.0,30.9,21.3,yogyakarta
2023-06-26,1.7,29.7,20.6,yogyakarta
2023-06-27,2.3,28.7,21.7,yogyakarta
2023-06-28,4.1,29.4,22.1,yogyakarta
2023-06-29,3.0,29.5,22.9,yogyakarta
2023-06-30,2.0,29.5,22.2,yogyakarta
2023-07-01,1.9,29.0,22.3,yogyakarta
2023-07-02,2.0,28.3,22.3,yogyakarta
2023-07-03,1.2,28.5,21.7,yogyakarta
2023-07-04,1.0,28.3,21.0,yogyakarta
2023-07-05,2.5,28.9,21.9,yogyakarta
2023-07-06,10.3,29.2,23.0,yogyakarta
2023-07-07,19.4,28.3,22.9,yogyakarta
2023-07-08,12.1,30.1,22.3,yogyakarta
2023-07-09,2.1,30.2,22.9,yogyakarta
2023-07-10,0.4,30.8,21.6,yogyakarta
2023-07-11,0.0,31.3,20.9,yogyakarta
2023-07-12,0.3,29.7,20.2,yogyakarta
2023-07-13,2.2,28.8,21.6,yogyakarta
2023-07-14,2.4,27.8,22.0,yogyakarta
2023-07-15,1.6,29.8,21.5,yogyakarta
2023-07-16,2.6,28.3,21.1,yogyakarta
2023-07-17,0.2,29.6,19.6,yogyakarta
2023-07-18,0.0,30.6,18.9,yogyakarta
2023-07-19,0.0,29.5,20.6,yogyakarta
2023-07-20,0.2,29.3,19.4,yogyakarta
2023-07-21,1.4,29.0,20.6,yogyakarta
2023-07-22,0.0,30.8,20.2,yogyakarta
2023-07-23,0.0,31.1,20.9,yogyakarta
2023-07-24,0.0,30.4,19.9,yogyakarta
2023-07-25,0.0,31.3,20.8,yogyakarta
2023-07-26,0.0,30.8,20.5,yogyakarta
2023-07-27,0.0,29.4,17.8,yogyakarta
2023-07-28,0.0,30.3,18.5,yogyakarta
2023-07-29,0.0,30.2,19.3,yogyakarta
2023-07-30,0.0,30.4,18.3,yogyakarta
2023-07-31,0.0,31.9,18.7,yogyakarta
2023-08-01,0.0,32.4,19.4,yogyakarta
2023-08-02,0.7,31.6,20.7,yogyakarta
2023-08-03,0.1,31.4,21.1,yogyakarta
2023-08-04,0.9,30.1,20.6,yogyakarta
2023-08-05,0.0,32.3,20.1,yogyakarta
2023-08-06,2.0,30.9,21.9,yogyakarta
2023-08-07,0.2,31.2,20.8,yogyakarta
2023-08-08,0.0,32.6,19.3,yogyakarta
2023-08-09,0.0,32.0,19.0,yogyakarta
2023-08-10,0.0,31.3,18.9,yogyakarta
2023-08-11,0.0,30.5,17.5,yogyakarta
2023-08-12,0.0,31.2,18.4,yogyakarta
2023-08-13,0.0,31.9,20.4,yogyakarta
2023-08-14,0.0,32.7,19.4,yogyakarta
2023-08-15,0.0,31.7,19.3,yogyakarta
2023-08-16,0.0,32.5,20.4,yogyakarta
2023-08-17,0.5,29.3,20.4,yogyakarta
2023-08-18,0.6,29.4,19.4,yogyakarta
2023-08-19,0.0,32.5,19.2,yogyakarta
2023-08-20,0.1,31.8,20.9,yogyakarta
2023-08-21,0.0,32.4,20.9,yogyakarta
2023-08-22,0.0,31.8,19.9,yogyakarta
2023-08-23,0.0,29.9,20.7,yogyakarta
2023-08-24,0.0,33.5,19.2,yogyakarta
2023-08-25,0.0,32.5,20.8,yogyakarta
2023-08-26,0.0,31.5,21.4,yogyakarta
2023-08-27,0.8,31.0,22.0,yogyakarta
2023-08-28,0.0,32.8,19.4,yogyakarta
2023-08-29,0.0,34.0,19.5,yogyakarta
2023-08-30,0.0,33.1,19.7,yogyakarta
2023-08-31,0.3,31.4,19.7,yogyakarta
2023-09-01,1.2,30.9,20.3,yogyakarta
2023-09-02,0.5,30.9,19.2,yogyakarta
2023-09-03,0.9,31.3,19.4,yogyakarta
2023-09-04,0.0,32.1,19.4,yogyakarta
2023-09-05,0.0,33.8,18.3,yogyakarta
2023-09-06,0.1,31.3,20.8,yogyakarta
2023-09-07,0.1,31.4,20.5,yogyakarta
2023-09-08,0.0,33.6,20.1,yogyakarta
2023-09-09,0.0,32.2,18.2,yogyakarta
2023-09-10,0.1,30.2,19.3,yogyakarta
2023-09-11,0.2,32.5,21.0,yogyakarta
2023-09-12,0.3,33.1,22.3,yogyakarta
2023-09-13,0.5,32.1,22.6,yogyakarta
2023-09-14,3.3,30.7,21.8,yogyakarta
2023-09-15,0.2,32.4,20.1,yogyakarta
2023-09-16,0.4,33.0,20.1,yogyakarta
2023-09-17,0.8,31.7,22.2,yogyakarta
2023-09-18,1.2,30.8,21.9,yogyakarta
2023-09-19,0.0,32.3,21.7,yogyakarta
2023-09-20,0.0,31.9,20.7,yogyakarta
2023-09-21,0.0,32.6,20.7,yogyakarta
2023-09-22,0.0,31.5,20.4,yogyakarta
2023-09-23,0.0,32.6,20.6,yogyakarta
2023-09-24,0.2,33.0,20.8,yogyakarta
2023-09-25,0.9,32.2,22.7,yogyakarta
2023-09-26,0.5,33.8,20.7,yogyakarta
2023-09-27,0.3,33.0,21.5,yogyakarta
2023-09-28,0.3,33.8,22.9,yogyakarta
2023-09-29,0.3,34.0,23.0,yogyakarta
2023-09-30,1.4,32.8,22.5,yogyakarta
2023-10-01,2.0,32.7,22.2,yogyakarta
2023-10-02,3.5,30.8,22.3,yogyakarta
2023-10-03,3.2,30.7,21.8,yogyakarta
2023-10-04,0.4,33.2,22.5,yogyakarta
2023-10-05,1.6,34.3,23.8,yogyakarta
2023-10-06,1.2,34.4,23.2,yogyakarta
2023-10-07,2.0,33.4,24.7,yogyakarta
2023-10-08,2.9,34.2,22.7,yogyakarta
2023-10-09,0.7,35.4,22.0,yogyakarta
2023-10-10,0.0,34.4,22.5,yogyakarta
2023-10-11,0.0,34.3,22.6,yogyakarta
2023-10-12,0.0,35.6,23.1,yogyakarta
2023-10-13,1.1,33.2,23.7,yogyakarta
2023-10-14,0.7,34.0,23.0,yogyakarta
2023-10-15,0.2,35.4,21.6,yogyakarta
2023-10-16,0.4,35.6,23.4,yogyakarta
2023-10-17,1.6,34.9,22.9,yogyakarta
2023-10-18,1.3,33.9,23.2,yogyakarta
2023-10-19,0.5,34.2,22.3,yogyakarta
2023-10-20,0.1,34.4,22.4,yogyakarta
2023-10-21,0.0,34.3,22.7,yogyakarta
2023-10-22,0.3,33.9,21.8,yogyakarta
2023-10-23,1.0,33.3,22.5,yogyakarta
2023-10-24,1.7,33.3,22.4,yogyakarta
2023-10-25,1.1,34.2,23.0,yogyakarta
2023-10-26,3.9,34.0,23.2,yogyakarta
2023-10-27,0.6,33.3,23.3,yogyakarta
2023-10-28,2.1,33.1,22.5,yogyakarta
2023-10-29,3.5,33.9,23.1,yogyakarta
2023-10-30,1.4,33.0,22.8,yogyakarta
2023-10-31,1.8,33.7,23.4,yogyakarta
2023-11-01,1.9,32.8,23.5,yogyakarta
2023-11-02,0.8,34.9,23.0,yogyakarta
2023-11-03,2.4,34.7,24.0,yogyakarta
2023-11-04,6.6,34.4,24.2,yogyakarta
2023-11-05,8.4,34.3,23.2,yogyakarta
2023-11-06,1.5,33.8,23.8,yogyakarta
2023-11-07,1.9,32.6,23.4,yogyakarta
2023-11-08,2.1,34.1,23.7,yogyakarta
2023-11-09,1.3,33.8,24.1,yogyakarta
2023-11-10,1.0,33.6,23.5,yogyakarta
2023-11-11,17.8,33.0,24.0,yogyakarta
2023-11-12,5.8,29.7,23.2,yogyakarta
2023-11-13,5.7,32.7,23.6,yogyakarta
2023-11-14,15.1,31.3,23.6,yogyakarta
2023-11-15,16.9,30.7,22.6,yogyakarta
2023-11-16,5.6,30.7,24.0,yogyakarta
2023-11-17,2.0,31.9,23.3,yogyakarta
2023-11-18,0.8,31.1,22.1,yogyakarta
2023-11-19,3.3,30.2,23.2,yogyakarta
2023-11-20,4.9,29.7,23.2,yogyakarta
2023-11-21,5.4,32.6,23.3,yogyakarta
2023-11-22,3.0,31.4,23.9,yogyakarta
2023-11-23,3.2,30.7,23.1,yogyakarta
2023-11-24,5.8,31.5,23.4,yogyakarta
2023-11-25,5.3,31.1,23.3,yogyakarta
2023-11-26,0.5,30.7,23.2,yogyakarta
2023-11-27,4.4,31.2,22.5,yogyakarta
2023-11-28,10.1,30.3,22.4,yogyakarta
2023-11-29,9.5,30.6,23.7,yogyakarta
2023-11-30,12.3,30.0,23.4,yogyakarta
2023-12-01,22.0,27.2,23.2,yogyakarta
2023-12-02,7.3,30.0,23.1,yogyakarta
2023-12-03,11.6,29.8,23.4,yogyakarta
2023-12-04,12.9,29.6,23.0,yogyakarta
2023-12-05,4.5,28.4,22.9,yogyakarta
2023-12-06,2.5,30.4,23.8,yogyakarta
2023-12-07,0.7,30.2,23.3,yogyakarta
2023-12-08,0.9,30.5,22.5,yogyakarta
2023-12-09,1.0,30.9,23.7,yogyakarta
2023-12-10,14.7,30.2,23.5,yogyakarta
2023-12-11,1.7,30.2,23.4,yogyakarta
2023-12-12,0.0,31.3,22.2,yogyakarta
2023-12-13,4.9,29.4,22.8,yogyakarta
2023-12-14,0.8,30.8,23.0,yogyakarta
2023-12-15,0.0,30.8,23.5,yogyakarta
2023-12-16,0.0,32.1,21.6,yogyakarta
2023-12-17,0.5,31.1,22.7,yogyakarta
2023-12-18,0.1,31.2,23.4,yogyakarta
2023-12-19,0.2,31.5,22.8,yogyakarta
2023-12-20,0.0,30.6,21.8,yogyakarta
2023-12-21,0.0,32.8,21.4,yogyakarta
2023-12-22,0.5,32.4,23.1,yogyakarta
2023-12-23,0.2,34.0,23.2,yogyakarta
2023-12-24,0.0,33.7,23.2,yogyakarta
2023-12-25,1.2,34.1,23.8,yogyakarta
2023-12-26,0.8,33.0,23.1,yogyakarta
2023-12-27,9.9,33.4,24.3,yogyakarta
2023-12-28,14.0,32.9,23.8,yogyakarta
2023-12-29,10.8,30.8,22.9,yogyakarta
2023-12-30,19.0,31.5,24.0,yogyakarta
2023-12-31,11.8,30.6,24.1,yogyakarta
2024-01-01,26.6,30.7,23.9,yogyakarta
2024-01-02,6.5,30.8,23.8,yogyakarta
2024-01-03,10.8,29.9,24.0,yogyakarta
2024-01-04,15.5,29.7,23.3,yogyakarta
2024-01-05,20.2,30.3,23.8,yogyakarta
2024-01-06,12.7,30.2,23.7,yogyakarta
2024-01-07,24.4,28.1,24.2,yogyakarta
2024-01-08,10.2,29.1,24.0,yogyakarta
2024-01-09,3.5,29.4,23.7,yogyakarta
2024-01-10,10.4,30.3,23.6,yogyakarta
2024-01-11,0.6,30.3,23.7,yogyakarta
2024-01-12,2.3,29.8,22.1,yogyakarta
2024-01-13,3.1,29.1,23.3,yogyakarta
2024-01-14,0.2,30.5,23.5,yogyakarta
2024-01-15,1.7,30.0,22.8,yogyakarta
2024-01-16,1.3,30.8,23.5,yogyakarta
2024-01-17,38.7,28.6,23.3,yogyakarta
2024-01-18,28.9,26.6,23.5,yogyakarta
2024-01-19,36.3,26.8,22.5,yogyakarta
2024-01-20,3.3,28.6,22.9,yogyakarta
2024-01-21,4.0,28.9,22.7,yogyakarta
2024-01-22,4.2,29.1,23.0,yogyakarta
2024-01-23,3.3,28.1,23.6,yogyakarta
2024-01-24,11.8,29.8,23.0,yogyakarta
2024-01-25,7.9,30.8,22.0,yogyakarta
2024-01-26,29.1,30.1,22.9,yogyakarta
2024-01-27,18.4,29.3,23.2,yogyakarta
2024-01-28,18.2,30.1,22.9,yogyakarta
2024-01-29,19.6,28.5,23.1,yogyakarta
2024-01-30,10.2,30.9,23.4,yogyakarta
2024-01-31,8.0,30.4,23.5,yogyakarta
2024-02-01,10.1,30.5,23.0,yogyakarta
2024-02-02,2.1,28.8,23.5,yogyakarta
2024-02-03,18.2,29.2,23.4,yogyakarta
2024-02-04,37.3,28.5,22.2,yogyakarta
2024-02-05,11.6,30.4,23.3,yogyakarta
2024-02-06,11.7,28.0,23.6,yogyakarta
2024-02-07,19.9,28.0,23.0,yogyakarta
2024-02-08,5.4,30.5,22.4,yogyakarta
2024-02-09,3.5,30.9,22.7,yogyakarta
2024-02-10,16.9,27.8,23.1,yogyakarta
2024-02-11,2.4,30.0,23.0,yogyakarta
2024-02-12,10.1,30.5,22.3,yogyakarta
2024-02-13,1.5,30.8,22.5,yogyakarta
2024-02-14,1.0,30.5,24.2,yogyakarta
2024-02-15,4.2,30.9,24.3,yogyakarta
2024-02-16,1.3,30.9,23.8,yogyakarta
2024-02-17,3.8,29.4,23.5,yogyakarta
2024-02-18,1.8,30.4,23.2,yogyakarta
2024-02-19,9.0,31.5,23.8,yogyakarta
2024-02-20,3.4,31.0,24.3,yogyakarta
2024-02-21,13.3,31.6,23.7,yogyakarta
2024-02-22,0.0,32.0,23.8,yogyakarta
2024-02-23,4.4,30.5,23.8,yogyakarta
2024-02-24,12.0,30.2,24.1,yogyakarta
2024-02-25,22.1,30.2,23.2,yogyakarta
2024-02-26,7.4,30.8,22.9,yogyakarta
2024-02-27,22.3,31.0,24.3,yogyakarta
2024-02-28,9.9,30.3,23.2,yogyakarta
2024-02-29,21.1,31.2,23.9,yogyakarta
2024-03-01,16.6,29.2,23.5,yogyakarta
2024-03-02,9.9,30.4,22.9,yogyakarta
2024-03-03,20.4,30.1,23.5,yogyakarta
2024-03-04,13.4,29.4,24.0,yogyakarta
2024-03-05,4.7,29.6,23.4,yogyakarta
2024-03-06,9.3,31.2,24.4,yogyakarta
2024-03-07,14.7,30.9,23.9,yogyakarta
2024-03-08,10.5,30.5,24.1,yogyakarta
2024-03-09,29.1,27.0,24.1,yogyakarta
2024-03-10,3.1,29.6,23.2,yogyakarta
2024-03-11,6.3,31.6,24.2,yogyakarta
2024-03-12,0.5,32.5,24.1,yogyakarta
2024-03-13,15.7,30.9,23.7,yogyakarta
2024-03-14,22.3,28.7,23.2,yogyakarta
2024-03-15,21.1,30.5,23.0,yogyakarta
2024-03-16,4.6,30.6,23.5,yogyakarta
2024-03-17,5.4,29.2,23.7,yogyakarta
2024-03-18,1.1,30.4,23.4,yogyakarta
2024-03-19,0.0,30.9,23.1,yogyakarta
2024-03-20,1.4,31.5,22.2,yogyakarta
2024-03-21,1.4,31.3,22.4,yogyakarta
2024-03-22,4.6,31.0,23.3,yogyakarta
2024-03-23,1.9,31.1,24.0,yogyakarta
2024-03-24,11.5,31.1,23.5,yogyakarta
2024-03-25,6.8,32.1,24.2,yogyakarta
2024-03-26,29.2,31.1,23.8,yogyakarta
2024-03-27,5.5,30.8,23.8,yogyakarta
2024-03-28,14.1,29.3,24.0,yogyakarta
2024-03-29,10.0,30.8,24.0,yogyakarta
2024-03-30,3.0,31.7,24.2,yogyakarta
2024-03-31,5.8,30.1,25.3,yogyakarta
2024-04-01,7.1,29.3,25.2,yogyakarta
2024-04-02,21.2,28.7,24.6,yogyakarta
2024-04-03,13.0,31.2,23.5,yogyakarta
2024-04-04,3.5,30.4,22.8,yogyakarta
2024-04-05,2.6,31.0,23.9,yogyakarta
2024-04-06,0.1,31.0,23.3,yogyakarta
2024-04-07,12.2,30.7,22.5,yogyakarta
2024-04-08,10.3,31.2,23.8,yogyakarta
2024-04-09,15.1,28.7,23.9,yogyakarta
2024-04-10,24.9,30.0,24.2,yogyakarta
2024-04-11,17.9,29.3,23.6,yogyakarta
2024-04-12,8.0,30.7,24.0,yogyakarta
2024-04-13,5.4,30.1,23.9,yogyakarta
2024-04-14,17.0,31.2,24.2,yogyakarta
2024-04-15,6.1,31.7,24.3,yogyakarta
2024-04-16,9.2,31.4,24.2,yogyakarta
2024-04-17,14.2,29.6,24.1,yogyakarta
2024-04-18,13.1,29.9,23.8,yogyakarta
2024-04-19,12.5,31.4,24.0,yogyakarta
2024-04-20,19.9,30.8,23.7,yogyakarta
2024-04-21,26.1,30.8,24.7,yogyakarta
2024-04-22,11.1,29.9,23.9,yogyakarta
2024-04-23,16.8,30.8,24.7,yogyakarta
2024-04-24,3.8,30.3,23.9,yogyakarta
2024-04-25,1.9,30.8,24.1,yogyakarta
2024-04-26,4.6,32.2,23.7,yogyakarta
2024-04-27,3.4,32.5,23.7,yogyakarta
2024-04-28,10.2,31.7,24.0,yogyakarta
2024-04-29,0.2,32.8,23.2,yogyakarta
2024-04-30,1.4,30.6,24.3,yogyakarta
2024-05-01,1.2,32.3,23.8,yogyakarta
2024-05-02,0.2,30.6,23.7,yogyakarta
2024-05-03,0.2,31.2,23.0,yogyakarta
2024-05-04,0.3,30.6,22.5,yogyakarta
2024-05-05,0.2,30.2,21.8,yogyakarta
2024-05-06,0.8,30.2,22.0,yogyakarta
2024-05-07,1.3,30.8,21.6,yogyakarta
2024-05-08,2.1,30.8,22.4,yogyakarta
2024-05-09,1.0,31.0,23.3,yogyakarta
2024-05-10,2.0,32.3,23.5,yogyakarta
2024-05-11,12.3,31.8,23.7,yogyakarta
2024-05-12,1.4,31.6,23.2,yogyakarta
2024-05-13,0.4,31.4,23.2,yogyakarta
2024-05-14,0.0,31.0,23.5,yogyakarta
2024-05-15,0.4,29.9,23.7,yogyakarta
2024-05-16,0.1,31.3,21.7,yogyakarta
2024-05-17,0.1,31.9,22.1,yogyakarta
2024-05-18,0.2,31.9,22.9,yogyakarta
2024-05-19,0.0,31.4,21.7,yogyakarta
2024-05-20,0.0,31.6,21.0,yogyakarta
2024-05-21,0.4,31.4,21.7,yogyakarta
2024-05-22,0.0,31.2,22.3,yogyakarta
2024-05-23,6.0,30.6,23.1,yogyakarta
2024-05-24,59.7,31.0,23.9,yogyakarta
2024-05-25,39.1,29.2,23.9,yogyakarta
2024-05-26,0.0,30.3,23.1,yogyakarta
2024-05-27,0.3,31.1,22.0,yogyakarta
2024-05-28,2.0,30.0,22.9,yogyakarta
2024-05-29,0.9,30.5,23.8,yogyakarta
2024-05-30,2.8,29.1,23.8,yogyakarta
2024-05-31,0.1,30.7,22.7,yogyakarta
2024-06-01,4.7,30.4,23.7,yogyakarta
2024-06-02,0.6,30.4,24.4,yogyakarta
2024-06-03,1.1,31.0,23.2,yogyakarta
2024-06-04,0.2,31.1,22.2,yogyakarta
2024-06-05,0.5,30.9,21.5,yogyakarta
2024-06-06,0.6,31.1,22.2,yogyakarta
2024-06-07,3.3,30.4,22.4,yogyakarta
2024-06-08,0.0,31.5,22.3,yogyakarta
2024-06-09,3.7,30.8,22.5,yogyakarta
2024-06-10,0.2,31.9,23.4,yogyakarta
2024-06-11,6.5,30.8,23.4,yogyakarta
2024-06-12,8.3,31.1,23.4,yogyakarta
2024-06-13,0.0,29.3,23.3,yogyakarta
2024-06-14,0.3,31.7,23.0,yogyakarta
2024-06-15,4.5,30.3,23.2,yogyakarta
2024-06-16,0.0,31.4,22.1,yogyakarta
2024-06-17,0.2,32.1,22.4,yogyakarta
2024-06-18,0.9,30.6,23.3,yogyakarta
2024-06-19,0.0,31.3,20.8,yogyakarta
2024-06-20,0.0,31.9,20.3,yogyakarta
2024-06-21,0.0,31.8,21.1,yogyakarta
2024-06-22,0.5,29.7,20.2,yogyakarta
2024-06-23,1.6,31.0,21.2,yogyakarta
2024-06-24,1.4,30.8,22.4,yogyakarta
2024-06-25,2.1,31.1,22.0,yogyakarta
2024-06-26,0.0,32.5,22.0,yogyakarta
2024-06-27,0.5,32.0,23.6,yogyakarta
2024-06-28,2.2,31.7,23.2,yogyakarta
2024-06-29,8.9,30.9,23.0,yogyakarta
2024-06-30,1.1,31.6,23.2,yogyakarta
2024-07-01,0.0,31.7,21.8,yogyakarta
2024-07-02,1.5,30.5,22.4,yogyakarta
2024-07-03,0.6,31.9,23.1,yogyakarta
2024-07-04,33.9,27.3,23.8,yogyakarta
2024-07-05,0.0,31.3,22.6,yogyakarta
2024-07-06,2.1,31.3,21.9,yogyakarta
2024-07-07,2.6,30.8,22.0,yogyakarta
2024-07-08,0.2,30.9,21.9,yogyakarta
2024-07-09,0.0,30.7,19.8,yogyakarta
2024-07-10,0.0,31.5,21.3,yogyakarta
2024-07-11,0.0,29.9,21.1,yogyakarta
2024-07-12,0.0,29.9,19.8,yogyakarta
2024-07-13,0.0,29.5,20.0,yogyakarta
2024-07-14,0.0,29.7,17.4,yogyakarta
2024-07-15,0.0,28.9,18.9,yogyakarta
2024-07-16,0.0,32.0,19.5,yogyakarta
2024-07-17,0.0,32.1,18.9,yogyakarta
2024-07-18,0.0,31.4,20.3,yogyakarta
2024-07-19,0.0,32.3,19.6,yogyakarta
2024-07-20,0.0,31.5,19.6,yogyakarta
2024-07-21,0.1,31.9,18.9,yogyakarta
2024-07-22,0.0,30.5,19.1,yogyakarta
2024-07-23,0.3,29.7,20.5,yogyakarta
2024-07-24,0.3,29.4,20.2,yogyakarta
2024-07-25,0.0,31.4,20.0,yogyakarta
2024-07-26,0.0,32.4,19.9,yogyakarta
2024-07-27,0.0,32.1,20.2,yogyakarta
2024-07-28,0.1,31.5,21.5,yogyakarta
2024-07-29,0.3,31.2,19.9,yogyakarta
2024-07-30,0.6,31.3,21.5,yogyakarta
2024-07-31,1.4,31.5,21.7,yogyakarta
2024-08-01,9.1,30.7,23.0,yogyakarta
2024-08-02,5.1,30.6,23.3,yogyakarta
2024-08-03,1.4,30.8,22.4,yogyakarta
2024-08-04,1.5,29.6,22.7,yogyakarta
2024-08-05,0.0,32.2,20.5,yogyakarta
2024-08-06,0.0,32.2,19.8,yogyakarta
2024-08-07,0.1,31.4,20.8,yogyakarta
2024-08-08,1.4,30.1,21.3,yogyakarta
2024-08-09,0.0,32.1,22.4,yogyakarta
2024-08-10,0.0,31.3,21.3,yogyakarta
2024-08-11,0.0,31.2,20.1,yogyakarta
2024-08-12,0.0,30.7,17.9,yogyakarta
2024-08-13,0.0,32.2,18.1,yogyakarta
2024-08-14,0.0,33.3,19.6,yogyakarta
2024-08-15,0.0,30.9,19.8,yogyakarta
2024-08-16,0.0,30.3,19.4,yogyakarta
2024-08-17,0.0,31.7,19.2,yogyakarta
2024-08-18,0.0,31.1,19.8,yogyakarta
2024-08-19,0.2,31.7,19.5,yogyakarta
2024-08-20,0.0,31.7,21.2,yogyakarta
2024-08-21,0.1,33.0,21.0,yogyakarta
2024-08-22,0.0,32.3,19.7,yogyakarta
2024-08-23,0.2,31.9,20.6,yogyakarta
2024-08-24,1.7,30.7,21.5,yogyakarta
2024-08-25,0.2,31.5,21.4,yogyakarta
2024-08-26,0.0,32.2,21.4,yogyakarta
2024-08-27,1.1,31.2,21.7,yogyakarta
2024-08-28,0.3,31.5,20.9,yogyakarta
2024-08-29,1.5,31.2,22.7,yogyakarta
2024-08-30,1.3,31.9,22.5,yogyakarta
2024-08-31,0.7,30.8,21.6,yogyakarta
2024-09-01,0.5,29.1,21.1,yogyakarta
2024-09-02,0.1,32.8,22.2,yogyakarta
2024-09-03,1.3,30.5,21.5,yogyakarta
2024-09-04,0.9,31.8,21.7,yogyakarta
2024-09-05,2.0,30.6,23.3,yogyakarta
2024-09-06,0.7,32.8,22.5,yogyakarta
2024-09-07,0.2,34.3,22.1,yogyakarta
2024-09-08,23.3,30.9,22.7,yogyakarta
2024-09-09,1.0,30.9,22.3,yogyakarta
2024-09-10,6.1,29.6,22.4,yogyakarta
2024-09-11,4.4,31.3,23.1,yogyakarta
2024-09-12,0.0,32.7,22.1,yogyakarta
2024-09-13,1.5,31.4,21.0,yogyakarta
2024-09-14,1.3,30.8,20.7,yogyakarta
2024-09-15,0.4,32.4,20.8,yogyakarta
2024-09-16,1.2,30.8,20.9,yogyakarta
2024-09-17,0.4,32.2,19.7,yogyakarta
2024-09-18,0.0,32.2,19.8,yogyakarta
2024-09-19,0.0,32.3,19.7,yogyakarta
2024-09-20,0.0,32.5,19.5,yogyakarta
2024-09-21,0.0,33.3,20.0,yogyakarta
2024-09-22,1.4,34.2,22.0,yogyakarta
2024-09-23,7.0,34.2,23.2,yogyakarta
2024-09-24,13.9,30.7,23.5,yogyakarta
2024-09-25,9.9,32.0,23.0,yogyakarta
2024-09-26,5.4,31.3,23.4,yogyakarta
2024-09-27,1.3,32.0,23.0,yogyakarta
2024-09-28,0.2,33.4,23.3,yogyakarta
2024-09-29,0.2,33.8,22.9,yogyakarta
2024-09-30,1.4,33.5,22.3,yogyakarta
2024-10-01,3.0,31.7,23.0,yogyakarta
2024-10-02,2.6,31.8,22.5,yogyakarta
2024-10-03,0.9,32.6,23.0,yogyakarta
2024-10-04,1.5,33.0,22.4,yogyakarta
2024-10-05,1.5,33.9,22.5,yogyakarta
2024-10-06,1.6,33.5,23.7,yogyakarta
2024-10-07,0.3,33.5,23.0,yogyakarta
2024-10-08,1.6,32.3,22.9,yogyakarta
2024-10-09,2.4,32.1,23.1,yogyakarta
2024-10-10,4.2,33.5,23.3,yogyakarta
2024-10-11,0.2,33.8,22.8,yogyakarta
2024-10-12,3.9,35.1,23.9,yogyakarta
2024-10-13,2.0,35.2,23.6,yogyakarta
2024-10-14,2.4,35.1,23.5,yogyakarta
2024-10-15,1.2,33.5,22.5,yogyakarta
2024-10-16,0.0,32.5,20.6,yogyakarta
2024-10-17,0.0,31.5,21.4,yogyakarta
2024-10-18,1.2,33.1,21.3,yogyakarta
2024-10-19,12.4,33.4,22.6,yogyakarta
2024-10-20,26.8,28.7,23.4,yogyakarta
2024-10-21,4.0,31.1,22.8,yogyakarta
2024-10-22,2.6,30.7,23.0,yogyakarta
2024-10-23,1.5,30.9,23.0,yogyakarta
2024-10-24,2.6,30.6,22.3,yogyakarta
2024-10-25,1.6,30.3,23.2,yogyakarta
2024-10-26,1.6,30.7,22.7,yogyakarta
2024-10-27,1.0,31.6,22.6,yogyakarta
2024-10-28,1.4,31.8,23.3,yogyakarta
2024-10-29,0.2,33.6,22.9,yogyakarta
2024-10-30,20.5,31.6,23.0,yogyakarta
2024-10-31,3.9,32.7,22.9,yogyakarta
2024-11-01,38.0,30.1,22.9,yogyakarta
2024-11-02,4.9,31.4,23.3,yogyakarta
2024-11-03,28.1,31.1,22.8,yogyakarta
2024-11-04,3.1,31.5,23.6,yogyakarta
2024-11-05,3.2,31.9,23.3,yogyakarta
2024-11-06,0.3,32.2,22.5,yogyakarta
2024-11-07,10.4,31.8,22.4,yogyakarta
2024-11-08,2.3,30.0,23.6,yogyakarta
2024-11-09,19.3,31.1,23.5,yogyakarta
2024-11-10,14.9,30.7,23.5,yogyakarta
2024-11-11,23.7,29.9,22.7,yogyakarta
2024-11-12,5.9,32.0,23.1,yogyakarta
2024-11-13,9.9,32.1,23.6,yogyakarta
2024-11-14,17.3,32.1,23.6,yogyakarta
2024-11-15,10.9,32.2,23.9,yogyakarta
2024-11-16,27.7,31.4,23.3,yogyakarta
2024-11-17,19.5,32.8,22.7,yogyakarta
2024-11-18,11.3,31.3,23.6,yogyakarta
2024-11-19,17.1,30.4,24.0,yogyakarta
2024-11-20,7.7,31.4,23.2,yogyakarta
2024-11-21,12.1,31.1,23.4,yogyakarta
2024-11-22,14.1,29.8,23.5,yogyakarta
2024-11-23,19.0,29.9,24.0,yogyakarta
2024-11-24,3.4,29.0,23.5,yogyakarta
2024-11-25,6.9,30.2,23.5,yogyakarta
2024-11-26,1.8,30.5,23.5,yogyakarta
2024-11-27,13.4,30.8,23.9,yogyakarta
2024-11-28,23.7,29.5,23.7,yogyakarta
2024-11-29,0.4,31.5,23.2,yogyakarta
2024-11-30,14.1,29.2,24.0,yogyakarta
2024-12-01,12.6,28.5,23.4,yogyakarta
2024-12-02,8.3,29.1,23.3,yogyakarta
2024-12-03,15.9,29.6,23.4,yogyakarta
2024-12-04,13.3,30.4,23.3,yogyakarta
2024-12-05,5.9,30.0,23.9,yogyakarta
2024-12-06,16.1,30.4,23.6,yogyakarta
2024-12-07,15.7,31.8,24.1,yogyakarta
2024-12-08,17.7,31.3,23.8,yogyakarta
2024-12-09,6.8,29.9,23.4,yogyakarta
2024-12-10,42.9,29.0,23.4,yogyakarta
2024-12-11,21.0,32.3,23.3,yogyakarta
2024-12-12,15.7,29.6,23.9,yogyakarta
2024-12-13,14.5,32.1,23.8,yogyakarta
2024-12-14,13.4,29.8,23.6,yogyakarta
2024-12-15,10.1,30.9,24.1,yogyakarta
2024-12-16,8.6,31.0,23.6,yogyakarta
2024-12-17,24.5,30.0,23.6,yogyakarta
2024-12-18,4.5,30.4,23.4,yogyakarta
2024-12-19,1.9,30.2,23.7,yogyakarta
2024-12-20,2.6,30.6,23.3,yogyakarta
2024-12-21,4.2,31.3,24.0,yogyakarta
2024-12-22,19.0,31.7,24.3,yogyakarta
2024-12-23,2.5,31.7,23.4,yogyakarta
2024-12-24,10.7,30.5,23.3,yogyakarta
2024-12-25,11.0,29.6,23.8,yogyakarta
2024-12-26,20.1,29.5,23.5,yogyakarta
2024-12-27,0.0,30.9,23.7,yogyakarta
2024-12-28,13.6,29.3,23.8,yogyakarta
2024-12-29,4.7,28.1,23.8,yogyakarta
2024-12-30,15.3,31.1,22.6,yogyakarta
2024-12-31,8.5,29.7,23.2,yogyakarta
2025-01-01,14.5,31.2,23.2,yogyakarta
2025-01-02,1.6,30.6,23.6,yogyakarta
2025-01-03,1.7,29.7,22.5,yogyakarta
2025-01-04,3.3,29.6,22.9,yogyakarta
2025-01-05,10.4,26.3,22.6,yogyakarta
2025-01-06,9.6,28.3,22.1,yogyakarta
2025-01-07,8.7,29.8,22.5,yogyakarta
2025-01-08,9.8,29.8,22.9,yogyakarta
2025-01-09,2.0,31.3,22.9,yogyakarta
2025-01-10,12.1,31.1,23.3,yogyakarta
2025-01-11,0.5,31.5,23.3,yogyakarta
2025-01-12,19.0,29.8,23.6,yogyakarta
2025-01-13,5.0,30.6,23.5,yogyakarta
2025-01-14,11.7,29.8,23.4,yogyakarta
2025-01-15,16.0,30.1,22.6,yogyakarta
2025-01-16,0.3,31.8,23.7,yogyakarta
2025-01-17,2.4,31.5,23.4,yogyakarta
2025-01-18,0.4,30.1,23.9,yogyakarta
2025-01-19,18.1,30.2,23.2,yogyakarta
2025-01-20,20.8,27.6,23.6,yogyakarta
2025-01-21,23.8,30.8,23.3,yogyakarta
2025-01-22,3.7,29.3,24.1,yogyakarta
2025-01-23,2.0,29.4,23.6,yogyakarta
2025-01-24,13.3,28.2,24.0,yogyakarta
2025-01-25,2.0,30.0,23.2,yogyakarta
2025-01-26,3.2,30.3,23.1,yogyakarta
2025-01-27,23.6,28.0,22.7,yogyakarta
2025-01-28,4.3,30.9,23.5,yogyakarta
2025-01-29,21.7,31.1,23.4,yogyakarta
2025-01-30,0.1,30.5,23.1,yogyakarta
2025-01-31,1.0,32.4,22.2,yogyakarta
2025-02-01,6.4,31.9,23.4,yogyakarta
2025-02-02,0.2,31.7,23.3,yogyakarta
2025-02-03,0.4,32.1,23.5,yogyakarta
2025-02-04,0.2,33.7,24.9,yogyakarta
2025-02-05,2.4,35.0,23.3,yogyakarta
2025-02-06,7.5,33.5,23.2,yogyakarta
2025-02-07,2.3,33.2,24.0,yogyakarta
2025-02-08,0.5,32.6,24.1,yogyakarta
2025-02-09,3.9,32.1,23.0,yogyakarta
2025-02-10,2.7,31.8,22.8,yogyakarta
2025-02-11,0.0,34.0,24.5,yogyakarta
2025-02-12,1.4,31.5,24.5,yogyakarta
2025-02-13,2.1,30.5,24.2,yogyakarta
2025-02-14,9.6,32.1,23.1,yogyakarta
2025-02-15,18.7,30.9,23.3,yogyakarta
2025-02-16,28.7,31.0,22.9,yogyakarta
2025-02-17,23.4,29.0,22.9,yogyakarta
2025-02-18,4.7,30.2,22.9,yogyakarta
2025-02-19,18.0,30.0,22.9,yogyakarta
2025-02-20,11.9,30.1,23.3,yogyakarta
2025-02-21,9.4,31.8,23.3,yogyakarta
2025-02-22,10.5,30.9,23.3,yogyakarta
2025-02-23,18.1,30.5,23.0,yogyakarta
2025-02-24,27.0,31.0,23.5,yogyakarta
2025-02-25,29.2,30.0,23.0,yogyakarta
2025-02-26,26.5,29.4,23.7,yogyakarta
2025-02-27,5.7,30.2,23.0,yogyakarta
2025-02-28,8.6,30.7,22.9,yogyakarta
2025-03-01,4.0,31.0,23.9,yogyakarta
2025-03-02,8.5,31.3,24.2,yogyakarta
2025-03-03,7.2,31.8,23.7,yogyakarta
2025-03-04,14.1,31.4,23.7,yogyakarta
2025-03-05,4.2,32.9,23.7,yogyakarta
2025-03-06,26.2,31.6,23.9,yogyakarta
2025-03-07,11.9,30.1,23.3,yogyakarta
2025-03-08,3.2,30.6,23.5,yogyakarta
2025-03-09,7.6,31.4,23.0,yogyakarta
2025-03-10,18.0,30.1,23.7,yogyakarta
2025-03-11,1.2,30.7,24.1,yogyakarta
2025-03-12,16.5,29.9,24.2,yogyakarta
2025-03-13,0.5,32.0,23.7,yogyakarta
2025-03-14,9.6,30.8,23.4,yogyakarta
2025-03-15,29.8,31.4,23.4,yogyakarta
2025-03-16,4.5,29.0,22.9,yogyakarta
2025-03-17,7.9,29.1,23.4,yogyakarta
2025-03-18,11.4,30.5,23.7,yogyakarta
2025-03-19,15.1,27.3,23.2,yogyakarta
2025-03-20,0.1,32.1,23.7,yogyakarta
2025-03-21,0.1,32.5,24.2,yogyakarta
2025-03-22,6.9,30.2,23.7,yogyakarta
2025-03-23,0.0,32.6,24.0,yogyakarta
2025-03-24,6.3,31.6,23.5,yogyakarta
2025-03-25,3.7,32.8,23.4,yogyakarta
2025-03-26,1.4,32.6,24.6,yogyakarta
2025-03-27,4.2,33.1,24.6,yogyakarta
2025-03-28,29.0,29.1,23.9,yogyakarta
2025-03-29,5.4,29.8,23.5,yogyakarta
2025-03-30,1.9,29.9,23.4,yogyakarta
2025-03-31,2.4,31.0,23.0,yogyakarta
2025-04-01,2.1,30.7,23.1,yogyakarta
2025-04-02,15.4,30.9,23.9,yogyakarta
2025-04-03,36.2,30.0,23.8,yogyakarta
2025-04-04,0.8,30.3,23.6,yogyakarta
2025-04-05,0.6,31.5,24.1,yogyakarta
2025-04-06,0.0,31.4,22.9,yogyakarta
2025-04-07,1.1,30.3,22.4,yogyakarta
2025-04-08,7.1,31.4,22.8,yogyakarta
2025-04-09,4.6,32.9,23.9,yogyakarta
2025-04-10,19.5,29.6,24.3,yogyakarta
2025-04-11,9.1,29.7,23.4,yogyakarta
2025-04-12,12.0,30.9,23.3,yogyakarta
2025-04-13,29.6,31.1,23.4,yogyakarta
2025-04-14,9.8,29.9,23.2,yogyakarta
2025-04-15,0.0,30.5,23.9,yogyakarta
2025-04-16,5.2,31.7,24.5,yogyakarta
2025-04-17,4.9,29.6,23.8,yogyakarta
2025-04-18,14.0,29.2,23.9,yogyakarta
2025-04-19,8.2,30.1,23.5,yogyakarta
2025-04-20,7.7,28.9,22.5,yogyakarta
2025-04-21,3.9,30.8,23.2,yogyakarta
2025-04-22,4.7,29.4,23.7,yogyakarta
2025-04-23,1.7,29.4,23.5,yogyakarta
2025-04-24,2.4,30.2,23.0,yogyakarta
2025-04-25,7.5,29.9,23.9,yogyakarta
2025-04-26,0.8,31.2,23.1,yogyakarta
2025-04-27,0.2,31.4,22.8,yogyakarta
2025-04-28,0.0,32.4,22.4,yogyakarta
2025-04-29,2.4,31.1,22.7,yogyakarta
2025-04-30,0.8,31.3,22.3,yogyakarta
2025-05-01,1.3,31.4,23.0,yogyakarta
2025-05-02,52.2,27.7,23.3,yogyakarta
2025-05-03,7.4,29.6,22.7,yogyakarta
2025-05-04,7.5,31.1,23.4,yogyakarta
2025-05-05,18.5,31.8,23.8,yogyakarta
2025-05-06,16.3,30.3,23.6,yogyakarta
2025-05-07,11.1,29.3,23.7,yogyakarta
2025-05-08,16.1,29.2,23.9,yogyakarta
2025-05-09,33.3,30.5,22.9,yogyakarta
2025-05-10,4.9,30.7,23.1,yogyakarta
2025-05-11,9.8,30.0,23.4,yogyakarta
2025-05-12,14.7,30.7,22.8,yogyakarta
2025-05-13,15.3,30.6,23.7,yogyakarta
2025-05-14,12.6,30.4,23.8,yogyakarta
2025-05-15,7.1,30.8,23.4,yogyakarta
2025-05-16,7.3,30.3,23.4,yogyakarta
2025-05-17,5.9,29.5,23.4,yogyakarta
2025-05-18,21.7,30.6,23.3,yogyakarta
2025-05-19,28.3,28.6,23.4,yogyakarta
2025-05-20,4.1,30.2,24.0,yogyakarta
2025-05-21,14.2,30.9,24.4,yogyakarta
2025-05-22,14.9,28.7,23.5,yogyakarta
2025-05-23,28.4,29.5,22.9,yogyakarta
2025-05-24,11.2,30.2,23.8,yogyakarta
2025-05-25,3.1,29.1,23.2,yogyakarta
2025-05-26,13.0,28.5,23.8,yogyakarta
2025-05-27,0.4,30.4,23.3,yogyakarta
2025-05-28,1.5,30.5,23.8,yogyakarta
2025-05-29,0.0,30.9,23.8,yogyakarta
2025-05-30,5.3,30.7,22.1,yogyakarta
2025-05-31,19.5,30.5,23.6,yogyakarta
2025-06-01,4.0,31.0,23.3,yogyakarta
2025-06-02,0.1,31.5,23.1,yogyakarta
2025-06-03,0.9,31.7,23.3,yogyakarta
2025-06-04,8.4,31.4,23.5,yogyakarta
2025-06-05,2.1,30.4,23.1,yogyakarta
2025-06-06,0.2,32.1,22.0,yogyakarta
2025-06-07,0.0,31.5,23.7,yogyakarta
2025-06-08,32.0,29.9,23.2,yogyakarta
2025-06-09,0.4,28.4,23.6,yogyakarta
2025-06-10,22.4,28.7,23.6,yogyakarta
2025-06-11,23.0,30.5,22.5,yogyakarta
2025-06-12,0.0,31.7,23.4,yogyakarta
2025-06-13,0.6,31.3,22.7,yogyakarta
2025-06-14,15.8,31.1,23.6,yogyakarta
2025-06-15,6.2,31.9,22.7,yogyakarta
2025-06-16,5.6,31.2,23.1,yogyakarta
2025-06-17,1.9,30.7,23.1,yogyakarta
2025-06-18,0.0,30.8,23.0,yogyakarta
2025-06-19,0.0,29.5,20.4,yogyakarta
2025-06-20,2.4,28.5,22.3,yogyakarta
2025-06-21,13.1,29.8,23.1,yogyakarta
2025-06-22,7.1,29.7,22.6,yogyakarta
2025-06-23,1.2,30.6,22.4,yogyakarta
2025-06-24,0.1,31.2,22.4,yogyakarta
2025-06-25,2.2,29.5,23.7,yogyakarta
2025-06-26,0.5,30.7,23.0,yogyakarta
2025-06-27,5.0,30.4,22.8,yogyakarta
2025-06-28,7.1,29.7,22.6,yogyakarta
2025-06-29,4.1,30.2,22.1,yogyakarta
2025-06-30,0.0,31.4,22.4,yogyakarta
2025-07-01,1.2,32.2,22.3,yogyakarta
2025-07-02,0.7,31.7,23.1,yogyakarta
2025-07-03,5.1,30.5,22.1,yogyakarta
2025-07-04,4.4,28.2,22.5,yogyakarta
2025-07-05,2.9,29.6,22.7,yogyakarta
2025-07-06,6.3,29.8,23.2,yogyakarta
2025-07-07,11.6,30.7,22.9,yogyakarta
2025-07-08,0.2,30.4,22.5,yogyakarta
2025-07-09,0.8,28.1,20.9,yogyakarta
2025-07-10,0.0,29.6,19.5,yogyakarta
2025-07-11,0.0,30.0,19.7,yogyakarta
2025-07-12,0.0,31.0,19.5,yogyakarta
2025-07-13,3.8,30.0,21.3,yogyakarta
2025-07-14,0.2,30.1,22.7,yogyakarta
2025-07-15,4.2,29.2,22.3,yogyakarta
2025-07-16,3.0,29.1,22.4,yogyakarta
2025-07-17,0.1,30.0,21.8,yogyakarta
2025-07-18,0.1,29.2,22.0,yogyakarta
2025-07-19,0.0,29.5,20.1,yogyakarta
2025-07-20,0.0,30.0,18.7,yogyakarta
2025-07-21,0.0,29.9,18.8,yogyakarta
2025-07-22,0.0,31.0,18.9,yogyakarta
2025-07-23,0.3,30.8,20.8,yogyakarta
2025-07-24,0.1,29.8,22.8,yogyakarta
2025-07-25,0.8,30.2,22.5,yogyakarta
2025-07-26,0.8,31.3,23.3,yogyakarta
2025-07-27,5.5,32.3,22.6,yogyakarta
2025-07-28,7.0,29.5,23.1,yogyakarta
2025-07-29,3.9,28.3,23.6,yogyakarta
2025-07-30,2.6,27.8,23.3,yogyakarta
2025-07-31,0.6,30.8,22.4,yogyakarta
2025-08-01,0.0,32.1,22.3,yogyakarta
2025-08-02,3.3,32.8,21.5,yogyakarta
2025-08-03,7.9,31.3,22.4,yogyakarta
2025-08-04,18.3,31.5,22.0,yogyakarta
2025-08-05,9.7,30.6,22.2,yogyakarta
2025-08-06,0.0,30.8,22.7,yogyakarta
2025-08-07,0.0,31.6,21.1,yogyakarta
2025-08-08,1.1,31.6,23.2,yogyakarta
2025-08-09,0.9,32.0,23.1,yogyakarta
2025-08-10,3.4,30.6,23.9,yogyakarta
2025-08-11,2.4,30.2,22.8,yogyakarta
2025-08-12,8.2,29.6,22.8,yogyakarta
2025-08-13,9.4,30.5,21.8,yogyakarta
2025-08-14,0.0,29.7,21.5,yogyakarta
2025-08-15,0.0,29.5,19.6,yogyakarta
2025-08-16,0.0,32.6,21.4,yogyakarta
2025-08-17,0.0,34.2,21.3,yogyakarta
2025-08-18,1.2,33.8,22.4,yogyakarta
2025-08-19,36.7,29.8,22.7,yogyakarta
2025-08-20,1.6,29.8,23.4,yogyakarta
2025-08-21,4.6,30.8,22.0,yogyakarta
2025-08-22,3.2,31.4,22.4,yogyakarta
2025-08-23,0.8,32.7,22.9,yogyakarta
2025-08-24,1.7,30.5,21.9,yogyakarta
2025-08-25,0.3,30.9,21.4,yogyakarta
2025-08-26,0.0,31.8,21.3,yogyakarta
2025-08-27,3.5,30.0,20.3,yogyakarta
2025-08-28,4.1,27.9,23.0,yogyakarta
2025-08-29,3.7,28.2,22.6,yogyakarta
2025-08-30,2.1,29.6,23.4,yogyakarta
2025-08-31,0.7,31.4,22.7,yogyakarta
2025-09-01,0.1,31.2,21.1,yogyakarta
2025-09-02,5.0,34.1,21.5,yogyakarta
2025-09-03,0.1,34.5,21.9,yogyakarta
2025-09-04,1.7,33.5,22.6,yogyakarta
2025-09-05,0.0,32.0,22.5,yogyakarta
2025-09-06,0.3,30.1,22.3,yogyakarta
2025-09-07,0.2,29.6,21.8,yogyakarta
2025-09-08,0.6,30.9,22.8,yogyakarta
2025-09-09,4.8,29.9,23.4,yogyakarta
2025-09-10,10.0,29.0,23.6,yogyakarta
2025-09-11,19.8,29.5,23.3,yogyakarta
2025-09-12,1.5,31.1,22.5,yogyakarta
2025-09-13,0.2,31.4,23.4,yogyakarta
2025-09-14,2.5,29.9,22.3,yogyakarta
2025-09-15,6.3,29.4,22.1,yogyakarta
2025-09-16,4.4,29.6,22.6,yogyakarta
2025-09-17,4.6,29.8,23.1,yogyakarta
2025-09-18,21.8,28.9,23.1,yogyakarta
2025-09-19,16.4,30.8,22.6,yogyakarta
2025-09-20,3.3,33.3,22.6,yogyakarta
2025-09-21,8.1,32.2,22.8,yogyakarta
2025-09-22,1.1,31.4,23.2,yogyakarta
2025-09-23,0.0,31.2,21.8,yogyakarta
2025-09-24,3.2,30.4,21.5,yogyakarta
2025-09-25,5.0,32.7,22.4,yogyakarta
2025-09-26,1.0,30.6,22.5,yogyakarta
2025-09-27,1.2,33.7,22.9,yogyakarta
2025-09-28,9.0,34.3,23.3,yogyakarta
2025-09-29,17.9,30.4,22.8,yogyakarta
2025-09-30,9.8,28.9,22.6,yogyakarta
2025-10-01,6.5,31.4,22.9,yogyakarta
2025-10-02,4.0,32.4,22.7,yogyakarta
2025-10-03,0.9,30.4,23.2,yogyakarta
2025-10-04,0.1,30.7,22.0,yogyakarta
2025-10-05,3.2,32.6,22.4,yogyakarta
2025-10-06,0.4,33.1,23.3,yogyakarta
2025-10-07,1.5,32.5,22.7,yogyakarta
2025-10-08,2.7,30.9,22.9,yogyakarta
2025-10-09,6.2,31.1,22.3,yogyakarta
2025-10-10,1.6,30.9,22.7,yogyakarta
2025-10-11,1.6,30.9,22.5,yogyakarta
2025-10-12,7.7,32.2,23.3,yogyakarta
2025-10-13,17.6,32.3,23.8,yogyakarta
2025-10-14,4.5,32.7,24.1,yogyakarta
2025-10-15,14.4,32.2,23.3,yogyakarta
2025-10-16,1.9,32.9,23.2,yogyakarta
2025-10-17,5.3,32.0,23.0,yogyakarta
2025-10-18,2.3,31.2,22.9,yogyakarta
2025-10-19,15.2,31.6,23.4,yogyakarta
2025-10-20,25.8,31.2,23.5,yogyakarta
2025-10-21,31.1,28.9,23.2,yogyakarta
2025-10-22,19.8,29.5,22.6,yogyakarta
2025-10-23,20.0,27.5,23.5,yogyakarta
2025-10-24,34.6,28.3,22.4,yogyakarta
2025-10-25,11.0,26.3,22.9,yogyakarta
2025-10-26,45.2,28.2,22.1,yogyakarta
2025-10-27,10.8,29.6,22.9,yogyakarta
2025-10-28,17.7,30.3,23.3,yogyakarta
2025-10-29,3.8,29.1,23.2,yogyakarta
2025-10-30,7.0,28.0,23.3,yogyakarta
2025-10-31,21.5,30.5,22.9,yogyakarta
2025-11-01,24.8,31.8,22.8,yogyakarta
2025-11-02,20.7,30.9,22.5,yogyakarta
2025-11-03,8.4,30.4,23.3,yogyakarta
2025-11-04,8.2,28.7,23.6,yogyakarta
2025-11-05,15.7,29.2,23.4,yogyakarta
2025-11-06,24.2,29.2,23.0,yogyakarta
2025-11-07,3.0,31.2,23.0,yogyakarta
2025-11-08,33.8,30.9,23.7,yogyakarta
2025-11-09,19.1,30.4,23.5,yogyakarta
2025-11-10,18.8,30.1,23.2,yogyakarta
2025-11-11,22.6,29.7,23.3,yogyakarta
2025-11-12,29.1,28.2,23.0,yogyakarta
2025-11-13,15.5,29.9,23.0,yogyakarta
2025-11-14,8.6,28.4,22.9,yogyakarta
2025-11-15,9.0,28.0,22.4,yogyakarta
2025-11-16,13.5,30.7,23.3,yogyakarta
2025-11-17,6.1,31.0,23.5,yogyakarta
2025-11-18,26.5,31.4,22.5,yogyakarta
2025-11-19,17.7,28.0,23.3,yogyakarta
2025-11-20,18.4,30.9,23.2,yogyakarta
2025-11-21,27.0,28.8,23.1,yogyakarta
2025-11-22,2.5,29.3,23.1,yogyakarta
2025-11-23,20.0,30.2,23.5,yogyakarta
2025-11-24,6.6,29.7,23.5,yogyakarta
2025-11-25,0.0,30.3,22.8,yogyakarta
2025-11-26,6.1,28.3,23.2,yogyakarta
2025-11-27,1.9,29.3,24.1,yogyakarta
2025-11-28,0.3,29.6,23.5,yogyakarta
2025-11-29,0.6,29.6,22.2,yogyakarta
2025-11-30,0.2,30.6,22.8,yogyakarta
2025-12-01,3.2,29.6,24.6,yogyakarta
2025-12-02,26.7,29.7,23.4,yogyakarta
2025-12-03,17.6,28.4,22.3,yogyakarta
2025-12-04,8.7,27.0,22.6,yogyakarta
2025-12-05,13.5,29.9,22.7,yogyakarta
2025-12-06,26.7,28.8,22.2,yogyakarta
2025-12-07,1.9,29.3,23.1,yogyakarta
2025-12-08,4.2,28.4,23.2,yogyakarta
2025-12-09,7.5,29.3,22.6,yogyakarta
2025-12-10,0.2,30.9,23.7,yogyakarta
2025-12-11,0.8,30.5,24.0,yogyakarta
2025-12-12,1.0,29.9,23.9,yogyakarta
2025-12-13,0.7,30.1,23.7,yogyakarta
2025-12-14,1.3,29.8,24.4,yogyakarta
2025-12-15,4.1,29.5,23.8,yogyakarta
2025-12-16,2.4,30.5,23.7,yogyakarta
2025-12-17,2.3,29.6,23.5,yogyakarta
2025-12-18,5.3,30.8,23.6,yogyakarta
2025-12-19,0.7,31.3,22.6,yogyakarta
2025-12-20,16.1,31.5,23.3,yogyakarta
2025-12-21,4.7,30.8,23.8,yogyakarta
2025-12-22,6.8,31.0,24.1,yogyakarta
2025-12-23,1.3,32.8,24.2,yogyakarta
2025-12-24,1.0,32.5,24.0,yogyakarta
2025-12-25,2.4,32.8,23.7,yogyakarta
2025-12-26,3.0,30.5,23.7,yogyakarta
2025-12-27,14.5,29.8,23.2,yogyakarta
2025-12-28,3.0,31.3,23.8,yogyakarta
2025-12-29,0.5,30.1,23.0,yogyakarta
2025-12-30,3.5,30.5,24.5,yogyakarta
2025-12-31,7.4,29.9,23.7,yogyakarta
2023-01-01,5.9,28.2,25.4,lombok
2023-01-02,12.0,28.8,25.2,lombok
2023-01-03,20.3,28.1,24.6,lombok
2023-01-04,8.1,28.8,24.0,lombok
2023-01-05,12.3,28.4,24.6,lombok
2023-01-06,11.5,27.6,23.4,lombok
2023-01-07,2.3,29.1,24.4,lombok
2023-01-08,1.0,29.5,23.2,lombok
2023-01-09,0.8,28.6,22.8,lombok
2023-01-10,1.2,29.6,22.7,lombok
2023-01-11,0.1,29.5,22.4,lombok
2023-01-12,0.7,29.3,23.3,lombok
2023-01-13,1.4,28.6,23.1,lombok
2023-01-14,0.8,30.1,23.9,lombok
2023-01-15,6.5,28.4,24.4,lombok
2023-01-16,7.2,28.2,24.6,lombok
2023-01-17,6.0,28.4,23.4,lombok
2023-01-18,20.8,28.7,23.7,lombok
2023-01-19,6.5,28.7,23.7,lombok
2023-01-20,9.5,28.7,23.8,lombok
2023-01-21,0.3,29.5,24.2,lombok
2023-01-22,0.2,28.8,23.7,lombok
2023-01-23,0.0,29.5,23.7,lombok
2023-01-24,1.1,29.8,23.0,lombok
2023-01-25,8.4,28.9,24.2,lombok
2023-01-26,24.1,28.5,24.3,lombok
2023-01-27,30.5,27.6,24.0,lombok
2023-01-28,20.7,26.6,24.4,lombok
2023-01-29,1.7,28.6,24.1,lombok
2023-01-30,5.6,28.9,24.0,lombok
2023-01-31,22.1,28.3,24.7,lombok
2023-02-01,9.0,29.5,25.1,lombok
2023-02-02,11.3,27.9,24.3,lombok
2023-02-03,5.0,28.1,24.8,lombok
2023-02-04,8.7,28.3,24.3,lombok
2023-02-05,39.4,26.7,23.8,lombok
2023-02-06,29.1,27.2,23.7,lombok
2023-02-07,12.5,28.5,24.3,lombok
2023-02-08,4.3,28.9,23.8,lombok
2023-02-09,3.7,28.5,24.5,lombok
2023-02-10,2.0,28.4,24.8,lombok
2023-02-11,11.0,29.5,24.6,lombok
2023-02-12,13.1,29.3,23.4,lombok
2023-02-13,12.7,27.3,23.9,lombok
2023-02-14,17.5,26.9,23.9,lombok
2023-02-15,21.5,26.6,23.8,lombok
2023-02-16,14.6,28.0,24.2,lombok
2023-02-17,20.5,27.6,23.8,lombok
2023-02-18,12.1,28.3,24.4,lombok
2023-02-19,7.3,28.9,25.2,lombok
2023-02-20,30.9,28.2,24.3,lombok
2023-02-21,3.0,29.3,24.8,lombok
2023-02-22,3.5,29.6,24.3,lombok
2023-02-23,12.9,29.0,24.5,lombok
2023-02-24,38.1,27.8,24.2,lombok
2023-02-25,27.3,28.5,23.9,lombok
2023-02-26,16.1,28.4,23.6,lombok
2023-02-27,8.1,28.9,24.2,lombok
2023-02-28,5.8,28.8,24.3,lombok
2023-03-01,7.2,27.3,24.5,lombok
2023-03-02,0.6,28.2,24.6,lombok
2023-03-03,2.4,28.7,24.2,lombok
2023-03-04,5.6,29.4,22.5,lombok
2023-03-05,5.4,28.4,24.1,lombok
2023-03-06,26.6,27.0,23.8,lombok
2023-03-07,13.8,27.9,23.8,lombok
2023-03-08,1.6,28.8,23.3,lombok
2023-03-09,1.5,29.1,23.7,lombok
2023-03-10,2.0,30.0,23.7,lombok
2023-03-11,0.5,30.2,23.8,lombok
2023-03-12,0.2,29.1,23.1,lombok
2023-03-13,1.5,29.7,23.4,lombok
2023-03-14,3.4,30.1,23.3,lombok
2023-03-15,0.4,30.7,22.8,lombok
2023-03-16,4.4,31.6,23.6,lombok
2023-03-17,18.3,31.0,24.0,lombok
2023-03-18,4.3,30.7,23.1,lombok
2023-03-19,4.3,30.6,24.1,lombok
2023-03-20,7.8,30.9,24.2,lombok
2023-03-21,2.6,30.0,23.2,lombok
2023-03-22,5.0,29.8,23.4,lombok
2023-03-23,3.4,30.3,23.5,lombok
2023-03-24,4.1,30.5,23.3,lombok
2023-03-25,8.7,30.2,23.7,lombok
2023-03-26,1.9,29.8,24.5,lombok
2023-03-27,7.7,30.0,23.6,lombok
2023-03-28,6.2,30.3,23.5,lombok
2023-03-29,2.0,30.5,24.8,lombok
2023-03-30,3.9,28.4,23.6,lombok
2023-03-31,25.3,29.7,24.3,lombok
2023-04-01,14.3,27.7,23.8,lombok
2023-04-02,13.2,26.9,24.1,lombok
2023-04-03,4.0,28.3,24.4,lombok
2023-04-04,22.6,26.7,23.8,lombok
2023-04-05,6.0,28.9,23.1,lombok
2023-04-06,13.5,28.9,23.7,lombok
2023-04-07,7.0,28.1,24.0,lombok
2023-04-08,18.3,29.2,23.8,lombok
2023-04-09,8.5,29.3,23.9,lombok
2023-04-10,17.8,28.8,24.4,lombok
2023-04-11,12.5,27.8,24.5,lombok
2023-04-12,9.8,28.6,24.7,lombok
2023-04-13,14.3,27.7,24.2,lombok
2023-04-14,4.5,29.3,23.9,lombok
2023-04-15,1.5,29.6,24.2,lombok
2023-04-16,0.0,29.6,23.9,lombok
2023-04-17,0.1,30.9,23.6,lombok
2023-04-18,2.8,31.1,22.7,lombok
2023-04-19,2.3,31.0,24.3,lombok
2023-04-20,11.1,30.2,24.0,lombok
2023-04-21,2.7,30.2,23.7,lombok
2023-04-22,0.2,31.7,24.3,lombok
2023-04-23,0.5,30.8,23.3,lombok
2023-04-24,0.0,31.0,23.4,lombok
2023-04-25,17.9,30.1,23.7,lombok
2023-04-26,3.3,30.0,24.5,lombok
2023-04-27,3.5,30.5,24.8,lombok
2023-04-28,22.4,29.6,24.3,lombok
2023-04-29,16.9,29.0,24.3,lombok
2023-04-30,7.7,31.2,23.8,lombok
2023-05-01,0.5,29.6,24.1,lombok
2023-05-02,0.3,30.7,24.2,lombok
2023-05-03,0.6,30.3,24.3,lombok
2023-05-04,1.0,31.8,24.5,lombok
2023-05-05,1.4,30.4,25.1,lombok
2023-05-06,0.1,30.7,24.7,lombok
2023-05-07,0.2,31.3,23.6,lombok
2023-05-08,2.3,30.7,24.8,lombok
2023-05-09,11.2,30.2,25.1,lombok
2023-05-10,10.7,30.1,24.6,lombok
2023-05-11,3.8,31.0,25.4,lombok
2023-05-12,0.0,30.9,25.0,lombok
2023-05-13,0.0,29.4,23.8,lombok
2023-05-14,0.0,28.9,22.7,lombok
2023-05-15,0.0,28.9,22.3,lombok
2023-05-16,0.0,29.6,22.4,lombok
2023-05-17,0.1,30.1,22.8,lombok
2023-05-18,0.4,30.5,22.3,lombok
2023-05-19,0.0,31.3,23.6,lombok
2023-05-20,0.0,30.4,23.4,lombok
2023-05-21,0.0,30.6,23.0,lombok
2023-05-22,1.4,29.5,23.0,lombok
2023-05-23,0.0,30.4,21.7,lombok
2023-05-24,0.0,30.8,20.0,lombok
2023-05-25,0.0,31.0,23.3,lombok
2023-05-26,0.0,30.1,23.1,lombok
2023-05-27,0.0,29.5,23.2,lombok
2023-05-28,0.0,30.9,22.7,lombok
2023-05-29,1.5,31.6,21.5,lombok
2023-05-30,0.0,30.0,20.9,lombok
2023-05-31,0.3,30.7,23.8,lombok
2023-06-01,0.0,31.9,24.2,lombok
2023-06-02,4.5,29.7,24.2,lombok
2023-06-03,0.0,30.4,23.2,lombok
2023-06-04,1.3,29.8,24.6,lombok
2023-06-05,1.2,30.0,23.9,lombok
2023-06-06,2.6,30.4,23.8,lombok
2023-06-07,0.8,30.8,24.2,lombok
2023-06-08,0.2,30.7,23.4,lombok
2023-06-09,0.0,30.4,23.7,lombok
2023-06-10,0.6,30.8,23.8,lombok
2023-06-11,4.4,31.1,24.5,lombok
2023-06-12,0.0,31.7,23.4,lombok
2023-06-13,0.0,30.5,24.0,lombok
2023-06-14,0.0,31.0,23.4,lombok
2023-06-15,0.0,29.9,23.4,lombok
2023-06-16,0.0,31.5,21.7,lombok
2023-06-17,0.0,32.5,21.4,lombok
2023-06-18,0.0,30.8,22.0,lombok
2023-06-19,0.0,29.9,20.5,lombok
2023-06-20,0.0,30.6,21.7,lombok
2023-06-21,0.0,31.3,23.2,lombok
2023-06-22,0.0,31.1,22.7,lombok
2023-06-23,0.0,30.6,21.6,lombok
2023-06-24,0.1,30.7,21.5,lombok
2023-06-25,0.0,29.7,21.8,lombok
2023-06-26,0.2,29.2,21.3,lombok
2023-06-27,1.0,30.0,22.9,lombok
2023-06-28,2.1,32.0,23.0,lombok
2023-06-29,1.5,31.5,23.8,lombok
2023-06-30,1.6,30.4,23.5,lombok
2023-07-01,1.3,29.2,23.8,lombok
2023-07-02,0.4,29.5,23.9,lombok
2023-07-03,0.5,30.3,24.0,lombok
2023-07-04,2.1,30.7,22.6,lombok
2023-07-05,1.0,30.7,22.7,lombok
2023-07-06,4.2,29.7,24.1,lombok
2023-07-07,1.7,28.4,23.8,lombok
2023-07-08,3.4,29.1,23.4,lombok
2023-07-09,1.5,30.5,23.4,lombok
2023-07-10,0.0,31.1,21.9,lombok
2023-07-11,0.0,30.0,22.9,lombok
2023-07-12,0.0,30.9,23.0,lombok
2023-07-13,0.2,30.0,24.3,lombok
2023-07-14,0.0,30.0,23.6,lombok
2023-07-15,0.0,31.0,23.6,lombok
2023-07-16,0.1,29.7,22.2,lombok
2023-07-17,0.0,30.0,22.7,lombok
2023-07-18,0.0,31.2,21.1,lombok
2023-07-19,0.0,30.1,22.7,lombok
2023-07-20,0.0,29.9,22.1,lombok
2023-07-21,0.0,30.1,22.0,lombok
2023-07-22,0.0,30.5,22.3,lombok
2023-07-23,0.0,31.0,22.9,lombok
2023-07-24,0.2,31.0,20.9,lombok
2023-07-25,1.0,31.4,21.2,lombok
2023-07-26,0.0,30.1,22.5,lombok
2023-07-27,0.0,30.2,21.9,lombok
2023-07-28,0.0,29.3,21.7,lombok
2023-07-29,0.0,30.5,21.8,lombok
2023-07-30,0.6,30.2,22.6,lombok
2023-07-31,3.1,31.4,22.5,lombok
2023-08-01,0.0,31.2,20.8,lombok
2023-08-02,0.0,30.0,20.4,lombok
2023-08-03,0.0,32.0,22.5,lombok
2023-08-04,0.0,31.9,23.4,lombok
2023-08-05,0.0,31.4,23.4,lombok
2023-08-06,1.2,31.2,23.2,lombok
2023-08-07,0.0,31.9,22.7,lombok
2023-08-08,0.1,31.5,19.9,lombok
2023-08-09,0.0,31.3,21.1,lombok
2023-08-10,0.0,30.6,18.4,lombok
2023-08-11,0.0,31.6,20.6,lombok
2023-08-12,0.0,32.1,19.5,lombok
2023-08-13,0.0,31.3,20.6,lombok
2023-08-14,0.5,32.3,21.8,lombok
2023-08-15,1.2,31.3,22.5,lombok
2023-08-16,0.0,31.1,22.6,lombok
2023-08-17,0.3,30.0,22.1,lombok
2023-08-18,2.1,29.9,21.4,lombok
2023-08-19,0.1,31.6,21.3,lombok
2023-08-20,0.0,32.8,22.9,lombok
2023-08-21,0.0,32.8,22.3,lombok
2023-08-22,0.0,31.5,22.1,lombok
2023-08-23,0.0,32.2,22.4,lombok
2023-08-24,0.0,31.7,22.1,lombok
2023-08-25,0.0,31.6,23.3,lombok
2023-08-26,0.0,32.0,22.7,lombok
2023-08-27,0.4,31.7,22.4,lombok
2023-08-28,0.0,32.9,22.0,lombok
2023-08-29,0.0,32.7,19.3,lombok
2023-08-30,0.0,32.0,22.0,lombok
2023-08-31,0.0,32.7,22.2,lombok
2023-09-01,0.0,32.2,21.9,lombok
2023-09-02,0.0,31.3,21.1,lombok
2023-09-03,0.0,31.5,20.1,lombok
2023-09-04,0.0,31.5,20.9,lombok
2023-09-05,0.0,32.0,21.7,lombok
2023-09-06,0.1,30.1,23.5,lombok
2023-09-07,0.0,31.6,22.6,lombok
2023-09-08,0.0,32.3,21.4,lombok
2023-09-09,0.0,33.0,21.4,lombok
2023-09-10,0.2,31.4,21.5,lombok
2023-09-11,2.5,33.7,22.9,lombok
2023-09-12,2.6,33.0,23.3,lombok
2023-09-13,3.2,33.3,22.6,lombok
2023-09-14,0.0,31.9,22.7,lombok
2023-09-15,0.0,32.7,21.9,lombok
2023-09-16,0.3,31.9,21.8,lombok
2023-09-17,1.3,31.8,23.4,lombok
2023-09-18,0.0,32.4,23.2,lombok
2023-09-19,1.1,32.2,22.7,lombok
2023-09-20,0.0,32.2,22.6,lombok
2023-09-21,0.0,33.0,21.5,lombok
2023-09-22,0.0,32.4,21.7,lombok
2023-09-23,1.9,33.0,22.6,lombok
2023-09-24,0.5,32.3,23.1,lombok
2023-09-25,3.9,32.9,21.6,lombok
2023-09-26,0.0,33.2,22.6,lombok
2023-09-27,0.0,33.5,21.7,lombok
2023-09-28,0.4,33.4,23.8,lombok
2023-09-29,0.2,32.0,21.5,lombok
2023-09-30,2.5,32.7,22.9,lombok
2023-10-01,0.0,34.2,22.8,lombok
2023-10-02,3.0,31.8,23.0,lombok
2023-10-03,0.8,33.6,22.9,lombok
2023-10-04,3.4,32.4,23.9,lombok
2023-10-05,1.9,32.8,24.4,lombok
2023-10-06,2.0,33.7,23.9,lombok
2023-10-07,3.7,32.1,24.2,lombok
2023-10-08,0.0,34.4,24.2,lombok
2023-10-09,0.9,34.7,23.5,lombok
2023-10-10,0.8,34.8,23.6,lombok
2023-10-11,6.8,31.8,23.5,lombok
2023-10-12,1.6,32.4,24.0,lombok
2023-10-13,2.1,32.8,24.2,lombok
2023-10-14,2.0,32.8,23.9,lombok
2023-10-15,1.0,34.6,23.6,lombok
2023-10-16,2.3,34.6,23.1,lombok
2023-10-17,3.8,32.6,23.4,lombok
2023-10-18,1.5,34.4,23.9,lombok
2023-10-19,1.1,33.7,22.1,lombok
2023-10-20,4.3,34.5,24.9,lombok
2023-10-21,2.3,33.7,22.2,lombok
2023-10-22,4.6,33.1,23.3,lombok
2023-10-23,1.0,33.9,23.9,lombok
2023-10-24,0.5,34.7,23.8,lombok
2023-10-25,1.0,34.3,23.6,lombok
2023-10-26,7.4,33.7,24.9,lombok
2023-10-27,18.6,32.0,24.0,lombok
2023-10-28,1.4,33.4,23.7,lombok
2023-10-29,1.9,34.3,24.9,lombok
2023-10-30,1.2,33.9,22.8,lombok
2023-10-31,1.7,33.6,23.4,lombok
2023-11-01,0.8,34.0,23.7,lombok
2023-11-02,2.3,35.9,24.5,lombok
2023-11-03,2.0,34.7,24.4,lombok
2023-11-04,3.1,33.6,24.4,lombok
2023-11-05,1.8,34.3,22.7,lombok
2023-11-06,3.8,33.5,24.4,lombok
2023-11-07,5.3,33.8,24.2,lombok
2023-11-08,3.4,33.4,24.8,lombok
2023-11-09,3.8,31.6,24.7,lombok
2023-11-10,9.1,32.3,23.9,lombok
2023-11-11,1.5,31.6,23.9,lombok
2023-11-12,2.4,32.5,24.0,lombok
2023-11-13,0.8,33.3,24.4,lombok
2023-11-14,1.3,30.5,24.9,lombok
2023-11-15,2.8,32.8,24.4,lombok
2023-11-16,1.9,31.8,24.4,lombok
2023-11-17,4.9,31.8,24.3,lombok
2023-11-18,2.1,32.0,24.4,lombok
2023-11-19,4.2,31.7,24.1,lombok
2023-11-20,0.9,33.3,23.8,lombok
2023-11-21,3.5,33.3,24.9,lombok
2023-11-22,0.3,35.9,24.1,lombok
2023-11-23,2.0,34.7,25.3,lombok
2023-11-24,3.9,33.7,24.9,lombok
2023-11-25,8.5,32.6,24.0,lombok
2023-11-26,3.1,32.7,24.3,lombok
2023-11-27,5.5,32.5,24.3,lombok
2023-11-28,2.6,33.2,24.2,lombok
2023-11-29,7.4,31.2,23.6,lombok
2023-11-30,15.6,30.3,24.4,lombok
2023-12-01,10.9,29.7,24.5,lombok
2023-12-02,8.0,29.9,24.1,lombok
2023-12-03,5.4,31.3,24.3,lombok
2023-12-04,4.4,30.7,23.7,lombok
2023-12-05,5.3,32.1,23.4,lombok
2023-12-06,3.0,31.0,23.8,lombok
2023-12-07,11.2,31.5,24.0,lombok
2023-12-08,2.9,30.9,23.5,lombok
2023-12-09,2.8,30.1,24.7,lombok
2023-12-10,2.9,31.3,24.6,lombok
2023-12-11,0.2,31.1,24.3,lombok
2023-12-12,1.6,32.0,24.2,lombok
2023-12-13,5.5,30.9,24.6,lombok
2023-12-14,2.2,30.2,24.3,lombok
2023-12-15,3.9,30.8,24.5,lombok
2023-12-16,1.8,30.9,24.4,lombok
2023-12-17,1.3,31.0,24.2,lombok
2023-12-18,0.0,31.4,23.6,lombok
2023-12-19,0.0,31.6,23.9,lombok
2023-12-20,0.1,31.1,22.5,lombok
2023-12-21,0.0,31.7,23.3,lombok
2023-12-22,0.0,33.4,24.2,lombok
2023-12-23,0.0,33.5,23.9,lombok
2023-12-24,12.4,32.1,24.7,lombok
2023-12-25,6.3,32.7,24.5,lombok
2023-12-26,0.9,31.0,24.3,lombok
2023-12-27,11.3,31.6,24.6,lombok
2023-12-28,6.6,31.1,24.5,lombok
2023-12-29,1.7,31.7,24.9,lombok
2023-12-30,3.9,33.2,25.0,lombok
2023-12-31,10.1,33.2,23.8,lombok
2024-01-01,6.3,30.2,25.0,lombok
2024-01-02,5.7,31.6,23.9,lombok
2024-01-03,3.8,31.7,24.3,lombok
2024-01-04,4.9,30.9,23.9,lombok
2024-01-05,3.5,29.3,23.8,lombok
2024-01-06,7.1,29.3,24.6,lombok
2024-01-07,14.2,31.2,23.9,lombok
2024-01-08,23.2,30.1,23.9,lombok
2024-01-09,3.5,30.4,24.0,lombok
2024-01-10,0.5,31.0,24.3,lombok
2024-01-11,2.2,32.0,25.2,lombok
2024-01-12,0.6,32.3,26.0,lombok
2024-01-13,0.1,31.5,25.2,lombok
2024-01-14,0.6,31.4,25.3,lombok
2024-01-15,2.1,29.9,24.9,lombok
2024-01-16,1.6,31.0,24.6,lombok
2024-01-17,0.9,30.6,23.9,lombok
2024-01-18,26.2,30.5,24.8,lombok
2024-01-19,6.8,27.9,23.6,lombok
2024-01-20,1.0,29.9,25.4,lombok
2024-01-21,1.6,30.4,25.7,lombok
2024-01-22,4.1,30.5,23.4,lombok
2024-01-23,7.1,29.5,24.5,lombok
2024-01-24,6.2,29.8,25.6,lombok
2024-01-25,2.0,31.1,25.3,lombok
2024-01-26,8.1,29.6,24.8,lombok
2024-01-27,10.7,30.5,24.3,lombok
2024-01-28,11.0,29.9,23.5,lombok
2024-01-29,9.4,29.6,23.7,lombok
2024-01-30,1.1,30.5,22.8,lombok
2024-01-31,6.4,29.8,23.4,lombok
2024-02-01,3.0,30.4,23.7,lombok
2024-02-02,1.7,29.8,22.8,lombok
2024-02-03,5.2,29.7,23.7,lombok
2024-02-04,47.9,29.8,24.7,lombok
2024-02-05,29.6,29.8,23.9,lombok
2024-02-06,1.0,30.2,23.8,lombok
2024-02-07,4.9,29.7,23.3,lombok
2024-02-08,0.9,30.3,23.6,lombok
2024-02-09,7.9,30.9,23.2,lombok
2024-02-10,2.4,30.4,23.4,lombok
2024-02-11,7.2,29.5,24.3,lombok
2024-02-12,18.8,28.9,24.4,lombok
2024-02-13,0.8,30.3,24.3,lombok
2024-02-14,3.3,30.3,24.0,lombok
2024-02-15,1.6,30.1,24.4,lombok
2024-02-16,1.4,30.8,23.6,lombok
2024-02-17,2.8,29.5,23.6,lombok
2024-02-18,1.3,30.0,23.9,lombok
2024-02-19,0.1,31.9,24.0,lombok
2024-02-20,0.3,32.4,24.2,lombok
2024-02-21,0.9,30.8,24.5,lombok
2024-02-22,0.5,30.4,25.5,lombok
2024-02-23,0.1,30.7,25.8,lombok
2024-02-24,2.0,31.0,25.4,lombok
2024-02-25,25.1,30.7,24.3,lombok
2024-02-26,17.9,30.2,23.4,lombok
2024-02-27,3.1,30.7,23.7,lombok
2024-02-28,1.5,30.9,23.7,lombok
2024-02-29,4.2,31.7,24.4,lombok
2024-03-01,4.7,31.7,23.6,lombok
2024-03-02,5.1,30.6,24.5,lombok
2024-03-03,6.5,30.3,25.3,lombok
2024-03-04,10.4,31.1,24.7,lombok
2024-03-05,8.8,31.0,24.3,lombok
2024-03-06,0.7,31.4,24.5,lombok
2024-03-07,2.4,29.9,25.5,lombok
2024-03-08,16.4,30.5,25.3,lombok
2024-03-09,17.1,29.5,25.4,lombok
2024-03-10,21.7,29.7,25.2,lombok
2024-03-11,5.3,27.9,25.0,lombok
2024-03-12,3.1,30.0,24.8,lombok
2024-03-13,0.4,29.3,25.9,lombok
2024-03-14,4.2,28.4,25.8,lombok
2024-03-15,7.2,29.8,24.9,lombok
2024-03-16,0.4,30.5,25.0,lombok
2024-03-17,4.7,29.0,25.0,lombok
2024-03-18,4.3,30.1,24.2,lombok
2024-03-19,1.1,31.0,24.4,lombok
2024-03-20,1.3,30.7,23.5,lombok
2024-03-21,3.7,30.8,23.5,lombok
2024-03-22,0.6,31.0,23.7,lombok
2024-03-23,2.6,31.5,23.5,lombok
2024-03-24,4.5,31.1,23.8,lombok
2024-03-25,0.6,31.1,23.8,lombok
2024-03-26,4.6,32.7,24.8,lombok
2024-03-27,0.7,32.3,24.2,lombok
2024-03-28,23.3,32.0,24.7,lombok
2024-03-29,11.0,31.6,23.8,lombok
2024-03-30,0.2,32.8,23.7,lombok
2024-03-31,6.2,32.0,25.0,lombok
2024-04-01,24.0,31.2,24.3,lombok
2024-04-02,4.9,30.6,23.8,lombok
2024-04-03,2.1,31.1,24.5,lombok
2024-04-04,5.4,28.0,24.1,lombok
2024-04-05,0.7,30.5,25.1,lombok
2024-04-06,0.5,30.7,24.3,lombok
2024-04-07,0.4,31.1,25.0,lombok
2024-04-08,2.9,30.8,24.8,lombok
2024-04-09,5.1,31.1,24.1,lombok
2024-04-10,1.5,30.2,24.4,lombok
2024-04-11,18.4,30.5,23.6,lombok
2024-04-12,2.1,30.4,23.8,lombok
2024-04-13,1.8,32.5,24.2,lombok
2024-04-14,1.8,31.7,24.2,lombok
2024-04-15,1.4,32.6,23.9,lombok
2024-04-16,7.8,31.3,25.2,lombok
2024-04-17,5.1,30.9,24.6,lombok
2024-04-18,4.5,31.2,25.2,lombok
2024-04-19,4.6,32.1,24.5,lombok
2024-04-20,4.6,32.8,24.8,lombok
2024-04-21,26.3,31.0,25.3,lombok
2024-04-22,2.0,29.5,24.7,lombok
2024-04-23,4.2,29.5,24.3,lombok
2024-04-24,26.7,30.6,24.5,lombok
2024-04-25,16.4,29.9,24.0,lombok
2024-04-26,5.2,30.9,23.9,lombok
2024-04-27,1.4,31.9,24.7,lombok
2024-04-28,0.6,32.1,25.3,lombok
2024-04-29,0.0,31.3,25.0,lombok
2024-04-30,1.6,30.9,25.0,lombok
2024-05-01,2.1,31.7,25.1,lombok
2024-05-02,0.3,31.7,25.3,lombok
2024-05-03,0.3,31.8,24.9,lombok
2024-05-04,0.4,30.9,24.7,lombok
2024-05-05,0.3,31.0,23.1,lombok
2024-05-06,1.1,31.0,24.6,lombok
2024-05-07,2.0,31.5,23.2,lombok
2024-05-08,1.1,31.7,24.1,lombok
2024-05-09,0.5,32.2,24.9,lombok
2024-05-10,2.7,32.3,24.9,lombok
2024-05-11,1.6,32.1,25.0,lombok
2024-05-12,0.2,32.4,24.8,lombok
2024-05-13,1.0,32.0,24.2,lombok
2024-05-14,0.5,32.3,22.7,lombok
2024-05-15,1.7,31.9,23.5,lombok
2024-05-16,0.8,32.9,24.8,lombok
2024-05-17,1.1,32.8,25.0,lombok
2024-05-18,0.9,32.5,24.5,lombok
2024-05-19,0.7,32.1,24.2,lombok
2024-05-20,0.0,33.3,24.3,lombok
2024-05-21,0.0,33.3,23.7,lombok
2024-05-22,1.4,32.6,23.7,lombok
2024-05-23,2.7,32.1,24.9,lombok
2024-05-24,2.8,32.5,23.8,lombok
2024-05-25,0.7,32.3,25.0,lombok
2024-05-26,1.3,32.0,25.5,lombok
2024-05-27,1.6,32.7,24.5,lombok
2024-05-28,0.1,31.3,23.4,lombok
2024-05-29,0.2,31.6,22.8,lombok
2024-05-30,2.4,32.1,24.5,lombok
2024-05-31,0.9,31.8,25.2,lombok
2024-06-01,2.0,32.4,25.4,lombok
2024-06-02,4.2,30.8,24.8,lombok
2024-06-03,0.7,30.9,24.9,lombok
2024-06-04,0.8,32.1,24.5,lombok
2024-06-05,1.6,31.8,24.6,lombok
2024-06-06,3.8,31.0,24.1,lombok
2024-06-07,1.9,29.6,24.1,lombok
2024-06-08,4.5,30.8,23.9,lombok
2024-06-09,2.9,31.1,24.2,lombok
2024-06-10,2.6,31.8,25.0,lombok
2024-06-11,2.2,29.9,24.4,lombok
2024-06-12,0.1,32.2,23.8,lombok
2024-06-13,0.2,32.6,22.8,lombok
2024-06-14,1.2,31.9,23.5,lombok
2024-06-15,0.1,32.2,21.8,lombok
2024-06-16,0.1,32.0,20.7,lombok
2024-06-17,0.8,32.5,23.2,lombok
2024-06-18,0.0,32.2,22.6,lombok
2024-06-19,0.0,31.6,21.7,lombok
2024-06-20,0.0,31.2,22.6,lombok
2024-06-21,0.0,31.5,22.2,lombok
2024-06-22,0.0,31.5,22.9,lombok
2024-06-23,0.0,31.6,24.4,lombok
2024-06-24,1.0,29.1,24.6,lombok
2024-06-25,0.6,31.8,24.1,lombok
2024-06-26,0.0,31.9,23.8,lombok
2024-06-27,11.1,31.0,22.2,lombok
2024-06-28,2.3,30.4,22.7,lombok
2024-06-29,0.2,31.3,24.1,lombok
2024-06-30,0.0,30.9,24.6,lombok
2024-07-01,1.3,29.2,24.1,lombok
2024-07-02,1.8,30.7,24.4,lombok
2024-07-03,6.9,28.1,23.5,lombok
2024-07-04,0.0,30.2,24.0,lombok
2024-07-05,0.0,31.8,23.3,lombok
2024-07-06,0.0,32.5,23.3,lombok
2024-07-07,0.0,30.7,23.0,lombok
2024-07-08,0.0,31.7,21.7,lombok
2024-07-09,3.2,32.2,22.7,lombok
2024-07-10,0.0,31.7,23.1,lombok
2024-07-11,0.0,30.3,22.8,lombok
2024-07-12,0.0,30.6,22.5,lombok
2024-07-13,0.0,30.4,21.0,lombok
2024-07-14,0.0,30.1,22.1,lombok
2024-07-15,0.0,30.5,20.3,lombok
2024-07-16,0.0,30.6,22.1,lombok
2024-07-17,0.0,30.6,21.0,lombok
2024-07-18,0.3,31.5,20.9,lombok
2024-07-19,0.0,31.2,21.8,lombok
2024-07-20,0.0,30.9,21.0,lombok
2024-07-21,0.0,31.8,22.8,lombok
2024-07-22,2.1,30.8,22.4,lombok
2024-07-23,0.1,31.7,23.7,lombok
2024-07-24,0.0,31.7,22.7,lombok
2024-07-25,0.7,32.1,23.0,lombok
2024-07-26,0.5,31.1,23.1,lombok
2024-07-27,0.4,31.4,24.1,lombok
2024-07-28,0.5,30.0,24.2,lombok
2024-07-29,4.8,31.1,23.6,lombok
2024-07-30,19.5,30.5,23.3,lombok
2024-07-31,20.2,28.9,22.4,lombok
2024-08-01,1.8,29.3,21.8,lombok
2024-08-02,1.2,28.5,22.6,lombok
2024-08-03,0.3,30.2,23.0,lombok
2024-08-04,0.0,29.8,22.9,lombok
2024-08-05,0.0,31.1,22.5,lombok
2024-08-06,1.8,30.0,22.3,lombok
2024-08-07,0.0,30.7,23.8,lombok
2024-08-08,1.7,29.8,23.4,lombok
2024-08-09,0.0,31.2,23.5,lombok
2024-08-10,0.0,31.3,22.3,lombok
2024-08-11,0.0,29.7,21.9,lombok
2024-08-12,0.0,30.9,21.0,lombok
2024-08-13,0.8,30.9,22.8,lombok
2024-08-14,0.0,30.9,22.4,lombok
2024-08-15,0.0,30.1,22.7,lombok
2024-08-16,0.0,30.6,21.4,lombok
2024-08-17,0.0,31.7,22.2,lombok
2024-08-18,0.0,32.1,21.3,lombok
2024-08-19,0.0,30.6,22.2,lombok
2024-08-20,0.0,31.8,21.8,lombok
2024-08-21,0.0,31.5,23.2,lombok
2024-08-22,0.0,32.2,22.8,lombok
2024-08-23,2.8,31.5,23.3,lombok
2024-08-24,0.2,30.2,23.5,lombok
2024-08-25,0.8,31.1,23.5,lombok
2024-08-26,0.0,33.1,23.2,lombok
2024-08-27,0.0,32.3,23.0,lombok
2024-08-28,0.0,33.6,22.6,lombok
2024-08-29,0.0,32.5,23.7,lombok
2024-08-30,0.0,32.9,22.1,lombok
2024-08-31,0.3,30.9,22.0,lombok
2024-09-01,0.6,30.8,22.9,lombok
2024-09-02,0.0,34.2,23.2,lombok
2024-09-03,3.5,32.7,22.9,lombok
2024-09-04,3.4,31.3,23.1,lombok
2024-09-05,0.0,32.5,24.2,lombok
2024-09-06,0.1,32.4,23.6,lombok
2024-09-07,4.6,32.8,24.1,lombok
2024-09-08,7.2,32.9,24.2,lombok
2024-09-09,4.4,32.7,24.1,lombok
2024-09-10,0.7,32.4,23.9,lombok
2024-09-11,0.2,32.6,23.3,lombok
2024-09-12,0.0,32.1,22.5,lombok
2024-09-13,0.3,33.1,22.9,lombok
2024-09-14,0.7,32.7,20.7,lombok
2024-09-15,0.6,33.0,22.6,lombok
2024-09-16,0.1,33.2,23.1,lombok
2024-09-17,0.5,33.1,22.9,lombok
2024-09-18,1.1,31.4,21.6,lombok
2024-09-19,0.1,31.7,21.2,lombok
2024-09-20,0.0,31.6,21.2,lombok
2024-09-21,1.3,32.2,21.5,lombok
2024-09-22,0.0,32.4,22.2,lombok
2024-09-23,7.0,31.7,22.2,lombok
2024-09-24,5.5,31.9,23.1,lombok
2024-09-25,0.7,32.7,24.3,lombok
2024-09-26,5.4,32.9,24.2,lombok
2024-09-27,2.0,31.7,22.8,lombok
2024-09-28,1.7,32.7,23.7,lombok
2024-09-29,0.6,33.5,24.9,lombok
2024-09-30,6.7,33.5,25.3,lombok
2024-10-01,2.7,33.0,24.6,lombok
2024-10-02,2.6,32.1,23.9,lombok
2024-10-03,1.3,33.6,24.2,lombok
2024-10-04,0.0,34.1,24.3,lombok
2024-10-05,2.4,33.8,25.0,lombok
2024-10-06,1.4,33.6,24.3,lombok
2024-10-07,1.7,33.0,24.8,lombok
2024-10-08,0.5,33.7,24.7,lombok
2024-10-09,0.7,33.9,23.2,lombok
2024-10-10,0.8,34.7,25.0,lombok
2024-10-11,1.2,35.5,25.1,lombok
2024-10-12,0.7,33.4,23.7,lombok
2024-10-13,0.0,35.8,24.7,lombok
2024-10-14,0.0,35.5,24.8,lombok
2024-10-15,0.8,33.5,25.0,lombok
2024-10-16,0.3,33.1,23.5,lombok
2024-10-17,0.0,33.6,24.1,lombok
2024-10-18,0.9,33.6,23.8,lombok
2024-10-19,2.0,33.8,24.8,lombok
2024-10-20,0.4,32.8,24.7,lombok
2024-10-21,2.9,31.9,23.5,lombok
2024-10-22,2.0,32.5,23.2,lombok
2024-10-23,0.5,32.5,23.6,lombok
2024-10-24,1.7,32.9,23.5,lombok
2024-10-25,0.2,33.3,23.4,lombok
2024-10-26,0.0,33.4,24.1,lombok
2024-10-27,0.4,32.4,24.0,lombok
2024-10-28,2.6,33.2,24.3,lombok
2024-10-29,6.8,33.3,24.2,lombok
2024-10-30,6.9,33.9,24.2,lombok
2024-10-31,7.3,32.0,24.1,lombok
2024-11-01,2.9,31.0,23.6,lombok
2024-11-02,14.0,32.0,23.9,lombok
2024-11-03,6.7,31.9,23.2,lombok
2024-11-04,7.6,32.3,23.1,lombok
2024-11-05,3.1,33.7,23.0,lombok
2024-11-06,1.5,33.2,24.2,lombok
2024-11-07,3.8,32.6,23.0,lombok
2024-11-08,10.6,30.6,23.3,lombok
2024-11-09,15.9,32.4,23.9,lombok
2024-11-10,15.4,31.3,23.5,lombok
2024-11-11,8.9,32.5,22.8,lombok
2024-11-12,0.7,32.3,23.4,lombok
2024-11-13,0.9,33.6,23.3,lombok
2024-11-14,4.8,32.8,24.3,lombok
2024-11-15,1.0,33.0,22.8,lombok
2024-11-16,12.9,32.9,23.9,lombok
2024-11-17,10.1,33.1,23.6,lombok
2024-11-18,5.1,32.3,23.5,lombok
2024-11-19,10.8,31.8,23.6,lombok
2024-11-20,7.1,31.9,23.5,lombok
2024-11-21,20.8,31.5,23.3,lombok
2024-11-22,4.6,32.4,23.2,lombok
2024-11-23,18.5,31.3,22.9,lombok
2024-11-24,6.7,31.5,23.4,lombok
2024-11-25,3.9,31.1,23.7,lombok
2024-11-26,0.9,30.8,23.8,lombok
2024-11-27,3.0,31.0,24.0,lombok
2024-11-28,14.2,31.1,24.2,lombok
2024-11-29,16.4,30.4,23.4,lombok
2024-11-30,21.3,29.8,24.5,lombok
2024-12-01,22.7,28.9,24.3,lombok
2024-12-02,7.2,30.1,23.5,lombok
2024-12-03,10.8,30.9,24.3,lombok
2024-12-04,21.0,29.2,24.8,lombok
2024-12-05,7.7,30.1,24.3,lombok
2024-12-06,25.2,28.1,23.5,lombok
2024-12-07,5.8,29.5,23.3,lombok
2024-12-08,20.5,30.2,24.5,lombok
2024-12-09,33.1,28.0,24.6,lombok
2024-12-10,13.4,29.4,24.9,lombok
2024-12-11,7.8,30.3,24.4,lombok
2024-12-12,22.2,28.2,24.0,lombok
2024-12-13,3.3,28.8,24.8,lombok
2024-12-14,2.9,31.2,23.9,lombok
2024-12-15,5.9,30.4,23.9,lombok
2024-12-16,9.1,27.9,23.8,lombok
2024-12-17,1.7,30.2,23.3,lombok
2024-12-18,8.5,28.4,24.6,lombok
2024-12-19,8.0,30.2,24.3,lombok
2024-12-20,31.8,30.0,23.4,lombok
2024-12-21,8.1,28.5,23.8,lombok
2024-12-22,12.6,27.1,23.0,lombok
2024-12-23,6.6,30.5,23.5,lombok
2024-12-24,4.2,30.0,24.6,lombok
2024-12-25,20.9,27.1,24.0,lombok
2024-12-26,18.0,28.6,23.8,lombok
2024-12-27,16.1,29.3,24.5,lombok
2024-12-28,26.8,27.4,24.1,lombok
2024-12-29,13.7,28.2,24.4,lombok
2024-12-30,2.2,31.1,23.2,lombok
2024-12-31,4.6,30.1,23.5,lombok
2025-01-01,35.7,29.2,23.6,lombok
2025-01-02,45.5,26.4,23.4,lombok
2025-01-03,16.2,27.8,23.1,lombok
2025-01-04,28.6,27.2,22.4,lombok
2025-01-05,17.1,27.3,22.2,lombok
2025-01-06,10.5,28.3,23.0,lombok
2025-01-07,0.5,30.5,23.6,lombok
2025-01-08,7.4,30.5,23.9,lombok
2025-01-09,13.7,29.7,23.9,lombok
2025-01-10,12.5,29.1,23.5,lombok
2025-01-11,21.7,26.9,24.1,lombok
2025-01-12,30.1,27.3,22.8,lombok
2025-01-13,6.0,29.5,24.2,lombok
2025-01-14,4.6,29.6,23.9,lombok
2025-01-15,0.4,30.0,23.4,lombok
2025-01-16,8.2,28.3,24.0,lombok
2025-01-17,0.7,29.9,25.0,lombok
2025-01-18,3.5,30.0,24.8,lombok
2025-01-19,17.5,30.2,24.1,lombok
2025-01-20,35.9,28.7,24.4,lombok
2025-01-21,38.3,28.4,23.5,lombok
2025-01-22,11.1,29.9,23.7,lombok
2025-01-23,18.0,28.4,23.5,lombok
2025-01-24,6.5,28.5,23.4,lombok
2025-01-25,1.6,29.9,23.6,lombok
2025-01-26,9.4,29.5,23.9,lombok
2025-01-27,6.3,29.6,23.7,lombok
2025-01-28,4.1,29.4,23.7,lombok
2025-01-29,9.9,29.5,23.9,lombok
2025-01-30,5.8,28.7,23.9,lombok
2025-01-31,0.6,29.6,24.4,lombok
2025-02-01,1.5,29.4,24.3,lombok
2025-02-02,1.3,29.4,26.0,lombok
2025-02-03,0.3,29.8,25.7,lombok
2025-02-04,0.0,30.4,25.8,lombok
2025-02-05,0.0,30.5,25.6,lombok
2025-02-06,2.0,30.2,25.5,lombok
2025-02-07,1.8,30.4,24.0,lombok
2025-02-08,35.7,28.6,23.2,lombok
2025-02-09,19.8,27.1,23.7,lombok
2025-02-10,35.5,26.6,24.1,lombok
2025-02-11,39.3,28.2,24.2,lombok
2025-02-12,18.5,28.1,24.2,lombok
2025-02-13,12.1,29.1,23.9,lombok
2025-02-14,0.9,29.6,24.3,lombok
2025-02-15,0.7,30.4,23.9,lombok
2025-02-16,6.1,30.1,23.6,lombok
2025-02-17,9.1,28.8,23.0,lombok
2025-02-18,11.4,29.5,24.0,lombok
2025-02-19,3.1,29.6,23.0,lombok
2025-02-20,21.6,28.3,22.3,lombok
2025-02-21,11.0,29.8,23.3,lombok
2025-02-22,7.1,29.0,22.8,lombok
2025-02-23,3.2,29.5,23.1,lombok
2025-02-24,19.1,29.5,22.5,lombok
2025-02-25,1.4,29.4,22.9,lombok
2025-02-26,2.8,29.0,22.4,lombok
2025-02-27,2.8,29.6,23.0,lombok
2025-02-28,2.0,29.8,22.6,lombok
2025-03-01,1.8,31.2,22.4,lombok
2025-03-02,2.0,31.5,24.4,lombok
2025-03-03,4.9,30.6,23.9,lombok
2025-03-04,4.5,31.1,23.2,lombok
2025-03-05,2.7,31.0,23.9,lombok
2025-03-06,3.2,31.6,23.4,lombok
2025-03-07,9.7,30.7,23.8,lombok
2025-03-08,11.8,30.8,23.2,lombok
2025-03-09,3.4,27.6,23.1,lombok
2025-03-10,0.2,31.6,22.9,lombok
2025-03-11,1.0,30.7,23.0,lombok
2025-03-12,0.8,31.3,22.8,lombok
2025-03-13,2.8,30.9,23.8,lombok
2025-03-14,11.8,30.2,23.2,lombok
2025-03-15,4.7,28.8,23.3,lombok
2025-03-16,7.0,29.9,23.5,lombok
2025-03-17,13.2,30.5,23.6,lombok
2025-03-18,14.0,30.1,22.8,lombok
2025-03-19,24.6,26.8,23.7,lombok
2025-03-20,30.5,30.0,23.7,lombok
2025-03-21,35.4,28.7,23.3,lombok
2025-03-22,10.8,30.8,23.7,lombok
2025-03-23,10.5,29.2,24.7,lombok
2025-03-24,0.6,29.8,25.0,lombok
2025-03-25,2.0,30.5,24.3,lombok
2025-03-26,0.1,31.3,23.2,lombok
2025-03-27,5.8,31.2,22.8,lombok
2025-03-28,1.1,31.1,22.8,lombok
2025-03-29,10.4,30.0,24.3,lombok
2025-03-30,16.7,29.2,24.1,lombok
2025-03-31,2.4,30.3,23.1,lombok
2025-04-01,3.9,30.2,22.6,lombok
2025-04-02,1.1,30.3,22.5,lombok
2025-04-03,0.4,30.7,22.1,lombok
2025-04-04,0.0,31.6,22.7,lombok
2025-04-05,0.0,31.6,21.4,lombok
2025-04-06,0.3,31.3,22.4,lombok
2025-04-07,1.3,31.1,22.5,lombok
2025-04-08,5.7,31.3,23.3,lombok
2025-04-09,8.4,30.3,23.8,lombok
2025-04-10,7.2,30.9,22.8,lombok
2025-04-11,3.8,30.6,23.7,lombok
2025-04-12,3.7,31.9,21.9,lombok
2025-04-13,1.1,32.3,24.2,lombok
2025-04-14,0.9,31.0,23.7,lombok
2025-04-15,0.0,31.0,23.4,lombok
2025-04-16,0.3,31.0,23.3,lombok
2025-04-17,1.3,31.1,23.9,lombok
2025-04-18,6.2,28.6,24.5,lombok
2025-04-19,2.5,30.4,23.6,lombok
2025-04-20,1.0,30.7,23.5,lombok
2025-04-21,1.5,31.0,23.0,lombok
2025-04-22,2.0,30.0,23.0,lombok
2025-04-23,0.0,31.4,22.4,lombok
2025-04-24,12.3,31.2,23.7,lombok
2025-04-25,0.8,30.8,22.9,lombok
2025-04-26,1.2,31.2,20.8,lombok
2025-04-27,1.5,30.5,22.5,lombok
2025-04-28,0.2,31.3,21.3,lombok
2025-04-29,0.2,30.4,23.6,lombok
2025-04-30,1.2,31.3,23.8,lombok
2025-05-01,0.5,31.6,22.0,lombok
2025-05-02,1.0,31.1,22.0,lombok
2025-05-03,6.9,31.8,22.5,lombok
2025-05-04,7.2,31.6,22.9,lombok
2025-05-05,2.3,31.2,23.8,lombok
2025-05-06,2.5,30.4,24.9,lombok
2025-05-07,4.4,29.7,24.0,lombok
2025-05-08,6.0,30.1,23.0,lombok
2025-05-09,33.1,29.8,23.3,lombok
2025-05-10,14.3,29.4,23.0,lombok
2025-05-11,21.4,30.5,22.4,lombok
2025-05-12,19.8,30.3,23.3,lombok
2025-05-13,19.1,30.0,22.8,lombok
2025-05-14,21.0,29.9,22.9,lombok
2025-05-15,6.7,30.2,23.1,lombok
2025-05-16,6.3,30.7,22.9,lombok
2025-05-17,0.0,29.9,23.8,lombok
2025-05-18,0.2,30.0,24.6,lombok
2025-05-19,2.5,29.9,24.2,lombok
2025-05-20,0.2,29.9,25.1,lombok
2025-05-21,0.1,29.9,24.8,lombok
2025-05-22,14.7,30.3,24.3,lombok
2025-05-23,24.1,29.6,23.3,lombok
2025-05-24,0.1,30.5,23.0,lombok
2025-05-25,0.3,31.0,23.3,lombok
2025-05-26,0.0,32.4,21.9,lombok
2025-05-27,1.5,30.6,22.9,lombok
2025-05-28,0.9,30.8,22.4,lombok
2025-05-29,1.9,30.6,22.7,lombok
2025-05-30,7.4,31.1,23.0,lombok
2025-05-31,15.2,31.1,24.6,lombok
2025-06-01,0.5,29.9,24.2,lombok
2025-06-02,2.6,29.7,23.6,lombok
2025-06-03,0.1,30.4,22.7,lombok
2025-06-04,0.7,29.7,21.7,lombok
2025-06-05,0.1,29.8,24.0,lombok
2025-06-06,1.6,30.1,23.5,lombok
2025-06-07,16.7,28.3,22.8,lombok
2025-06-08,0.6,29.3,23.9,lombok
2025-06-09,2.5,30.0,22.7,lombok
2025-06-10,1.7,29.6,24.3,lombok
2025-06-11,0.0,29.0,24.1,lombok
2025-06-12,2.5,30.3,23.7,lombok
2025-06-13,18.9,30.0,23.8,lombok
2025-06-14,5.7,30.0,23.5,lombok
2025-06-15,3.2,30.5,23.1,lombok
2025-06-16,1.4,29.6,23.3,lombok
2025-06-17,0.1,29.7,22.9,lombok
2025-06-18,0.0,29.4,21.7,lombok
2025-06-19,0.4,29.7,22.0,lombok
2025-06-20,0.0,29.2,22.1,lombok
2025-06-21,1.7,30.3,22.3,lombok
2025-06-22,0.8,30.5,24.2,lombok
2025-06-23,0.2,28.5,23.8,lombok
2025-06-24,0.2,28.7,22.9,lombok
2025-06-25,2.6,28.1,24.1,lombok
2025-06-26,3.7,29.9,23.4,lombok
2025-06-27,2.2,30.3,23.7,lombok
2025-06-28,0.5,29.2,24.3,lombok
2025-06-29,0.1,29.2,23.8,lombok
2025-06-30,0.7,30.0,23.1,lombok
2025-07-01,1.3,30.8,21.8,lombok
2025-07-02,3.3,30.5,23.8,lombok
2025-07-03,8.8,29.4,23.9,lombok
2025-07-04,3.4,28.2,23.7,lombok
2025-07-05,8.2,29.2,23.4,lombok
2025-07-06,8.5,29.5,23.5,lombok
2025-07-07,0.0,29.8,22.9,lombok
2025-07-08,0.0,28.9,22.9,lombok
2025-07-09,0.0,28.3,22.6,lombok
2025-07-10,0.2,27.5,22.2,lombok
2025-07-11,0.1,29.9,21.2,lombok
2025-07-12,10.7,29.4,21.4,lombok
2025-07-13,0.3,30.5,22.8,lombok
2025-07-14,1.5,29.6,24.2,lombok
2025-07-15,0.0,31.5,24.0,lombok
2025-07-16,0.0,29.2,23.6,lombok
2025-07-17,0.0,29.5,22.0,lombok
2025-07-18,0.0,29.5,21.6,lombok
2025-07-19,0.0,29.2,21.0,lombok
2025-07-20,0.0,30.4,19.9,lombok
2025-07-21,0.5,30.1,19.2,lombok
2025-07-22,0.0,30.3,21.8,lombok
2025-07-23,1.0,30.9,19.7,lombok
2025-07-24,1.1,31.0,20.7,lombok
2025-07-25,1.8,30.1,23.9,lombok
2025-07-26,0.2,31.0,24.3,lombok
2025-07-27,1.4,31.7,22.8,lombok
2025-07-28,0.0,30.7,23.8,lombok
2025-07-29,0.0,29.1,23.8,lombok
2025-07-30,2.2,28.6,23.5,lombok
2025-07-31,0.3,29.7,23.4,lombok
2025-08-01,0.5,30.3,23.4,lombok
2025-08-02,1.0,31.3,21.3,lombok
2025-08-03,2.2,31.5,23.1,lombok
2025-08-04,0.0,32.0,21.9,lombok
2025-08-05,0.7,31.7,23.1,lombok
2025-08-06,0.0,30.8,22.6,lombok
2025-08-07,0.3,31.2,22.4,lombok
2025-08-08,0.2,30.8,22.1,lombok
2025-08-09,3.2,30.7,21.6,lombok
2025-08-10,0.7,31.4,23.4,lombok
2025-08-11,0.0,31.4,23.4,lombok
2025-08-12,0.0,30.9,22.7,lombok
2025-08-13,0.0,30.8,22.0,lombok
2025-08-14,0.0,29.6,22.6,lombok
2025-08-15,0.0,30.9,22.3,lombok
2025-08-16,0.0,32.4,22.4,lombok
2025-08-17,0.0,32.5,21.3,lombok
2025-08-18,6.9,32.1,22.3,lombok
2025-08-19,2.9,31.4,22.2,lombok
2025-08-20,0.2,31.4,21.3,lombok
2025-08-21,0.0,31.8,22.7,lombok
2025-08-22,0.9,31.0,21.1,lombok
2025-08-23,0.8,29.8,20.9,lombok
2025-08-24,0.5,30.6,19.9,lombok
2025-08-25,5.8,31.2,21.6,lombok
2025-08-26,0.9,29.4,22.6,lombok
2025-08-27,0.4,29.2,23.1,lombok
2025-08-28,0.4,29.1,23.5,lombok
2025-08-29,0.1,28.5,23.5,lombok
2025-08-30,0.0,31.6,23.3,lombok
2025-08-31,0.1,31.8,22.7,lombok
2025-09-01,0.4,30.9,20.7,lombok
2025-09-02,0.6,31.5,21.7,lombok
2025-09-03,0.0,32.1,21.7,lombok
2025-09-04,0.0,32.0,22.8,lombok
2025-09-05,0.0,32.4,22.2,lombok
2025-09-06,0.0,30.8,22.7,lombok
2025-09-07,0.0,29.0,23.2,lombok
2025-09-08,0.6,30.3,23.7,lombok
2025-09-09,5.5,27.9,23.7,lombok
2025-09-10,13.3,30.2,22.8,lombok
2025-09-11,0.6,31.2,22.4,lombok
2025-09-12,0.2,31.3,24.4,lombok
2025-09-13,0.0,32.1,24.0,lombok
2025-09-14,2.1,31.4,23.2,lombok
2025-09-15,3.6,31.5,23.0,lombok
2025-09-16,2.5,29.8,24.0,lombok
2025-09-17,6.0,30.2,23.4,lombok
2025-09-18,33.2,30.3,22.9,lombok
2025-09-19,4.0,30.8,23.1,lombok
2025-09-20,3.3,30.3,23.9,lombok
2025-09-21,0.3,30.7,22.5,lombok
2025-09-22,0.3,31.2,24.0,lombok
2025-09-23,0.0,30.7,22.1,lombok
2025-09-24,1.5,31.5,22.3,lombok
2025-09-25,1.9,31.0,20.7,lombok
2025-09-26,2.0,31.9,21.7,lombok
2025-09-27,3.8,31.6,22.7,lombok
2025-09-28,4.8,32.0,23.3,lombok
2025-09-29,4.4,31.9,24.4,lombok
2025-09-30,16.0,29.6,24.2,lombok
2025-10-01,3.4,32.1,23.2,lombok
2025-10-02,0.0,31.9,22.9,lombok
2025-10-03,0.0,31.8,22.5,lombok
2025-10-04,1.2,31.7,23.4,lombok
2025-10-05,4.2,31.2,22.3,lombok
2025-10-06,0.9,31.8,23.3,lombok
2025-10-07,0.0,31.6,22.4,lombok
2025-10-08,0.0,31.1,22.9,lombok
2025-10-09,0.7,30.7,22.6,lombok
2025-10-10,1.4,31.7,22.5,lombok
2025-10-11,19.4,30.8,23.7,lombok
2025-10-12,9.9,31.8,24.2,lombok
2025-10-13,6.4,32.1,25.0,lombok
2025-10-14,1.8,31.9,24.3,lombok
2025-10-15,2.2,32.3,24.1,lombok
2025-10-16,1.7,32.0,24.8,lombok
2025-10-17,3.1,32.2,23.2,lombok
2025-10-18,1.1,32.4,24.8,lombok
2025-10-19,17.1,30.8,23.7,lombok
2025-10-20,12.5,31.5,23.1,lombok
2025-10-21,13.5,30.8,23.7,lombok
2025-10-22,0.9,30.8,23.1,lombok
2025-10-23,7.2,31.4,23.1,lombok
2025-10-24,0.8,32.1,23.3,lombok
2025-10-25,1.1,31.3,23.7,lombok
2025-10-26,0.7,31.0,22.2,lombok
2025-10-27,4.9,28.9,23.9,lombok
2025-10-28,14.5,31.4,22.6,lombok
2025-10-29,19.8,30.4,23.0,lombok
2025-10-30,4.7,30.1,23.3,lombok
2025-10-31,1.9,30.0,22.7,lombok
2025-11-01,4.7,30.7,23.4,lombok
2025-11-02,1.2,29.2,23.7,lombok
2025-11-03,10.1,30.5,23.5,lombok
2025-11-04,15.2,31.7,22.7,lombok
2025-11-05,14.1,31.2,23.6,lombok
2025-11-06,2.3,30.0,23.8,lombok
2025-11-07,2.7,30.1,23.7,lombok
2025-11-08,1.0,31.3,22.3,lombok
2025-11-09,31.8,27.4,23.8,lombok
2025-11-10,10.1,29.5,22.8,lombok
2025-11-11,15.9,29.6,23.0,lombok
2025-11-12,12.0,30.4,22.8,lombok
2025-11-13,3.2,29.1,23.3,lombok
2025-11-14,14.1,29.8,24.3,lombok
2025-11-15,0.2,30.9,23.8,lombok
2025-11-16,0.0,31.5,23.3,lombok
2025-11-17,1.2,31.4,23.4,lombok
2025-11-18,8.6,29.4,23.8,lombok
2025-11-19,4.1,30.1,23.6,lombok
2025-11-20,0.9,30.6,23.4,lombok
2025-11-21,6.9,31.6,22.9,lombok
2025-11-22,6.4,30.6,23.1,lombok
2025-11-23,8.4,29.9,24.1,lombok
2025-11-24,2.6,30.9,24.0,lombok
2025-11-25,0.6,30.9,24.1,lombok
2025-11-26,0.4,31.4,23.5,lombok
2025-11-27,12.7,29.2,24.4,lombok
2025-11-28,6.9,29.6,24.1,lombok
2025-11-29,30.5,26.6,23.9,lombok
2025-11-30,0.8,29.9,23.6,lombok
2025-12-01,11.6,30.4,24.0,lombok
2025-12-02,4.3,30.9,23.4,lombok
2025-12-03,2.6,30.9,24.0,lombok
2025-12-04,12.4,30.5,23.5,lombok
2025-12-05,0.8,31.4,23.4,lombok
2025-12-06,4.4,30.2,23.8,lombok
2025-12-07,3.0,30.8,24.0,lombok
2025-12-08,4.5,31.1,24.3,lombok
2025-12-09,3.3,31.1,24.0,lombok
2025-12-10,0.9,31.5,24.0,lombok
2025-12-11,3.4,30.1,24.2,lombok
2025-12-12,1.4,30.6,24.0,lombok
2025-12-13,1.7,30.6,23.9,lombok
2025-12-14,12.2,27.9,23.8,lombok
2025-12-15,4.6,29.8,23.1,lombok
2025-12-16,5.7,27.6,23.5,lombok
2025-12-17,1.0,31.6,22.9,lombok
2025-12-18,1.2,31.6,21.8,lombok
2025-12-19,14.5,29.9,23.7,lombok
2025-12-20,1.8,29.2,23.7,lombok
2025-12-21,1.2,31.0,23.7,lombok
2025-12-22,10.7,29.1,23.7,lombok
2025-12-23,5.2,30.1,25.2,lombok
2025-12-24,3.6,30.0,25.1,lombok
2025-12-25,2.5,30.9,24.5,lombok
2025-12-26,6.6,30.5,24.6,lombok
2025-12-27,33.4,26.6,24.6,lombok
2025-12-28,3.2,29.5,23.6,lombok
2025-12-29,0.6,30.8,25.0,lombok
2025-12-30,1.2,31.0,24.1,lombok
2025-12-31,0.2,30.5,23.9,lombok
2023-01-01,16.4,29.8,22.6,palembang
2023-01-02,18.9,29.9,22.9,palembang
2023-01-03,8.5,28.1,22.8,palembang
2023-01-04,8.5,28.4,22.7,palembang
2023-01-05,0.3,29.4,23.3,palembang
2023-01-06,2.6,30.9,23.1,palembang
2023-01-07,26.5,30.1,24.2,palembang
2023-01-08,8.5,30.1,24.6,palembang
2023-01-09,0.3,29.9,23.3,palembang
2023-01-10,12.0,30.6,23.6,palembang
2023-01-11,7.5,31.0,22.6,palembang
2023-01-12,3.5,30.8,22.9,palembang
2023-01-13,15.2,30.2,22.8,palembang
2023-01-14,3.5,29.9,23.2,palembang
2023-01-15,27.8,29.9,22.9,palembang
2023-01-16,9.6,30.5,23.8,palembang
2023-01-17,15.8,27.7,22.8,palembang
2023-01-18,15.8,29.7,22.9,palembang
2023-01-19,21.0,27.9,22.6,palembang
2023-01-20,9.3,29.9,22.2,palembang
2023-01-21,11.5,30.5,22.7,palembang
2023-01-22,8.2,30.3,23.1,palembang
2023-01-23,14.6,28.7,23.0,palembang
2023-01-24,3.4,29.5,23.6,palembang
2023-01-25,7.2,26.7,22.8,palembang
2023-01-26,0.5,29.9,23.4,palembang
2023-01-27,3.4,30.2,23.6,palembang
2023-01-28,7.4,30.9,23.0,palembang
2023-01-29,3.0,27.2,23.3,palembang
2023-01-30,4.5,29.9,22.9,palembang
2023-01-31,3.2,27.6,23.0,palembang
2023-02-01,1.3,30.4,22.8,palembang
2023-02-02,3.0,29.9,22.8,palembang
2023-02-03,1.4,31.4,23.3,palembang
2023-02-04,2.4,31.1,24.0,palembang
2023-02-05,0.4,31.0,23.2,palembang
2023-02-06,0.0,31.9,23.3,palembang
2023-02-07,1.1,31.6,24.2,palembang
2023-02-08,0.4,31.6,23.7,palembang
2023-02-09,2.7,30.9,24.2,palembang
2023-02-10,1.3,31.7,24.5,palembang
2023-02-11,31.2,31.4,23.3,palembang
2023-02-12,18.1,30.6,23.3,palembang
2023-02-13,0.3,31.6,23.6,palembang
2023-02-14,21.7,31.3,23.2,palembang
2023-02-15,8.8,29.8,23.1,palembang
2023-02-16,5.7,30.4,23.5,palembang
2023-02-17,1.7,31.4,23.9,palembang
2023-02-18,20.9,31.1,22.7,palembang
2023-02-19,32.0,28.8,22.9,palembang
2023-02-20,19.4,27.3,22.7,palembang
2023-02-21,5.7,29.7,23.3,palembang
2023-02-22,3.1,29.1,23.0,palembang
2023-02-23,8.3,29.0,22.9,palembang
2023-02-24,11.8,29.8,23.2,palembang
2023-02-25,9.7,30.5,23.1,palembang
2023-02-26,3.4,30.2,23.3,palembang
2023-02-27,12.7,29.5,23.5,palembang
2023-02-28,17.1,28.1,23.1,palembang
2023-03-01,0.0,30.2,23.1,palembang
2023-03-02,1.5,29.8,23.1,palembang
2023-03-03,41.3,29.5,22.9,palembang
2023-03-04,2.6,29.6,22.7,palembang
2023-03-05,1.6,30.5,22.5,palembang
2023-03-06,10.6,29.2,22.6,palembang
2023-03-07,10.7,30.2,22.6,palembang
2023-03-08,7.7,29.9,22.7,palembang
2023-03-09,4.2,28.5,23.1,palembang
2023-03-10,14.3,28.6,23.2,palembang
2023-03-11,18.9,29.8,23.2,palembang
2023-03-12,11.1,29.3,22.5,palembang
2023-03-13,17.0,30.0,22.4,palembang
2023-03-14,9.3,28.7,22.6,palembang
2023-03-15,10.0,29.6,22.7,palembang
2023-03-16,5.9,29.3,22.8,palembang
2023-03-17,2.7,30.2,23.3,palembang
2023-03-18,7.7,30.8,23.5,palembang
2023-03-19,6.2,30.5,23.7,palembang
2023-03-20,23.5,30.7,23.5,palembang
2023-03-21,1.6,31.6,22.9,palembang
2023-03-22,2.2,31.3,23.5,palembang
2023-03-23,13.2,31.4,24.1,palembang
2023-03-24,5.0,31.1,23.2,palembang
2023-03-25,27.5,30.3,23.0,palembang
2023-03-26,8.5,31.3,23.6,palembang
2023-03-27,6.1,26.8,23.5,palembang
2023-03-28,6.5,32.1,23.6,palembang
2023-03-29,10.1,30.7,23.2,palembang
2023-03-30,17.1,30.3,23.0,palembang
2023-03-31,0.1,29.8,23.9,palembang
2023-04-01,14.4,30.2,23.1,palembang
2023-04-02,11.2,30.5,22.8,palembang
2023-04-03,9.8,28.5,23.3,palembang
2023-04-04,25.4,30.8,23.1,palembang
2023-04-05,18.7,31.0,22.8,palembang
2023-04-06,12.0,29.4,22.7,palembang
2023-04-07,6.4,31.4,23.1,palembang
2023-04-08,14.1,30.8,23.2,palembang
2023-04-09,19.0,30.9,22.7,palembang
2023-04-10,25.8,29.6,23.0,palembang
2023-04-11,8.0,31.9,23.7,palembang
2023-04-12,9.9,31.4,23.5,palembang
2023-04-13,3.2,32.1,24.0,palembang
2023-04-14,11.9,31.7,24.2,palembang
2023-04-15,8.7,31.0,23.3,palembang
2023-04-16,27.4,30.8,23.4,palembang
2023-04-17,11.0,31.6,23.9,palembang
2023-04-18,18.0,31.7,23.9,palembang
2023-04-19,8.3,32.0,23.7,palembang
2023-04-20,16.1,30.8,23.9,palembang
2023-04-21,6.2,32.1,24.1,palembang
2023-04-22,5.7,30.4,24.3,palembang
2023-04-23,10.6,31.1,23.5,palembang
2023-04-24,8.2,31.8,24.2,palembang
2023-04-25,4.3,29.8,23.3,palembang
2023-04-26,3.2,31.4,23.8,palembang
2023-04-27,1.2,31.6,23.4,palembang
2023-04-28,14.0,31.8,24.4,palembang
2023-04-29,6.8,30.7,23.4,palembang
2023-04-30,3.9,31.7,24.3,palembang
2023-05-01,22.6,27.7,23.5,palembang
2023-05-02,2.7,32.1,23.9,palembang
2023-05-03,11.2,30.4,24.4,palembang
2023-05-04,7.5,30.9,24.4,palembang
2023-05-05,3.5,31.9,24.4,palembang
2023-05-06,8.4,30.2,24.3,palembang
2023-05-07,0.1,30.8,25.0,palembang
2023-05-08,3.0,32.6,24.5,palembang
2023-05-09,0.2,28.1,24.7,palembang
2023-05-10,1.1,32.2,24.2,palembang
2023-05-11,3.6,31.7,24.7,palembang
2023-05-12,5.3,31.8,25.1,palembang
2023-05-13,0.1,33.1,23.9,palembang
2023-05-14,2.5,32.6,24.2,palembang
2023-05-15,13.6,32.5,24.2,palembang
2023-05-16,5.4,32.0,23.4,palembang
2023-05-17,10.8,31.5,24.0,palembang
2023-05-18,7.8,30.5,23.4,palembang
2023-05-19,5.0,31.5,24.3,palembang
2023-05-20,4.4,31.1,24.5,palembang
2023-05-21,15.1,30.6,23.7,palembang
2023-05-22,2.0,31.1,23.8,palembang
2023-05-23,1.4,31.1,24.4,palembang
2023-05-24,1.3,30.7,23.6,palembang
2023-05-25,2.9,31.6,24.6,palembang
2023-05-26,12.0,31.3,24.3,palembang
2023-05-27,5.9,30.2,24.0,palembang
2023-05-28,14.4,30.6,24.4,palembang
2023-05-29,16.0,31.0,23.4,palembang
2023-05-30,6.2,29.8,23.6,palembang
2023-05-31,0.1,30.9,24.1,palembang
2023-06-01,0.5,32.3,24.5,palembang
2023-06-02,1.3,31.8,24.3,palembang
2023-06-03,1.3,32.0,24.4,palembang
2023-06-04,5.1,32.1,24.6,palembang
2023-06-05,0.8,31.8,23.9,palembang
2023-06-06,5.5,31.1,24.4,palembang
2023-06-07,6.1,31.0,24.1,palembang
2023-06-08,26.3,28.6,23.3,palembang
2023-06-09,7.0,27.3,24.3,palembang
2023-06-10,0.9,31.6,23.7,palembang
2023-06-11,0.6,31.4,24.3,palembang
2023-06-12,6.0,31.0,24.3,palembang
2023-06-13,11.5,29.1,24.3,palembang
2023-06-14,3.0,32.2,23.5,palembang
2023-06-15,4.2,30.5,23.8,palembang
2023-06-16,6.3,30.6,23.4,palembang
2023-06-17,0.0,32.0,23.6,palembang
2023-06-18,1.1,32.0,24.2,palembang
2023-06-19,16.1,30.0,23.3,palembang
2023-06-20,8.8,30.7,23.7,palembang
2023-06-21,1.2,30.6,24.0,palembang
2023-06-22,5.9,29.8,24.6,palembang
2023-06-23,0.2,31.8,23.8,palembang
2023-06-24,0.1,32.3,23.8,palembang
2023-06-25,2.4,32.2,23.7,palembang
2023-06-26,18.2,29.6,23.1,palembang
2023-06-27,5.0,31.5,24.0,palembang
2023-06-28,8.4,30.3,23.3,palembang
2023-06-29,2.7,31.7,23.6,palembang
2023-06-30,4.8,31.2,24.1,palembang
2023-07-01,11.9,30.9,24.4,palembang
2023-07-02,0.3,28.4,24.1,palembang
2023-07-03,0.0,32.5,23.6,palembang
2023-07-04,8.1,32.1,24.1,palembang
2023-07-05,29.0,28.3,23.5,palembang
2023-07-06,8.1,30.9,23.4,palembang
2023-07-07,12.5,30.5,23.3,palembang
2023-07-08,3.0,30.7,23.7,palembang
2023-07-09,5.4,31.0,23.7,palembang
2023-07-10,4.8,28.9,23.6,palembang
2023-07-11,5.3,29.6,23.5,palembang
2023-07-12,1.5,30.4,23.0,palembang
2023-07-13,1.4,31.5,22.7,palembang
2023-07-14,4.7,31.9,23.7,palembang
2023-07-15,5.4,30.2,23.3,palembang
2023-07-16,5.4,30.2,23.0,palembang
2023-07-17,2.0,31.0,23.0,palembang
2023-07-18,0.1,31.2,23.6,palembang
2023-07-19,2.8,31.4,23.9,palembang
2023-07-20,6.1,28.8,23.5,palembang
2023-07-21,1.1,30.8,23.8,palembang
2023-07-22,0.7,31.7,23.8,palembang
2023-07-23,1.6,32.1,24.0,palembang
2023-07-24,22.2,26.9,22.8,palembang
2023-07-25,0.4,31.7,23.6,palembang
2023-07-26,0.0,31.3,24.0,palembang
2023-07-27,0.0,32.1,24.1,palembang
2023-07-28,3.1,31.7,24.1,palembang
2023-07-29,1.3,31.6,23.8,palembang
2023-07-30,0.3,31.4,23.8,palembang
2023-07-31,0.1,31.7,23.3,palembang
2023-08-01,6.3,32.1,23.1,palembang
2023-08-02,0.8,31.3,24.0,palembang
2023-08-03,5.1,31.5,24.3,palembang
2023-08-04,2.6,31.9,24.1,palembang
2023-08-05,0.1,32.6,22.6,palembang
2023-08-06,0.5,31.7,23.2,palembang
2023-08-07,6.3,32.4,23.9,palembang
2023-08-08,5.2,30.6,23.6,palembang
2023-08-09,0.3,32.6,23.4,palembang
2023-08-10,0.0,32.8,22.8,palembang
2023-08-11,0.0,33.1,23.4,palembang
2023-08-12,0.2,32.2,23.6,palembang
2023-08-13,0.8,32.5,23.4,palembang
2023-08-14,0.9,33.0,23.6,palembang
2023-08-15,1.3,31.8,23.7,palembang
2023-08-16,1.8,32.8,22.9,palembang
2023-08-17,2.2,33.2,23.8,palembang
2023-08-18,0.7,32.6,23.8,palembang
2023-08-19,4.0,32.8,23.9,palembang
2023-08-20,3.0,32.3,23.2,palembang
2023-08-21,2.4,32.2,23.7,palembang
2023-08-22,0.0,33.7,23.1,palembang
2023-08-23,0.5,33.2,23.3,palembang
2023-08-24,1.7,32.9,23.9,palembang
2023-08-25,0.9,33.2,24.4,palembang
2023-08-26,0.5,33.0,23.4,palembang
2023-08-27,1.3,32.1,23.8,palembang
2023-08-28,0.4,32.2,23.9,palembang
2023-08-29,0.7,33.3,23.6,palembang
2023-08-30,0.0,33.9,23.5,palembang
2023-08-31,0.0,33.9,23.3,palembang
2023-09-01,0.0,33.9,22.5,palembang
2023-09-02,0.0,34.0,22.5,palembang
2023-09-03,0.0,34.0,23.1,palembang
2023-09-04,0.0,33.9,23.1,palembang
2023-09-05,0.0,34.3,22.2,palembang
2023-09-06,0.0,33.1,23.6,palembang
2023-09-07,1.0,32.0,23.6,palembang
2023-09-08,2.1,34.1,24.1,palembang
2023-09-09,9.3,33.3,23.9,palembang
2023-09-10,1.3,33.2,22.4,palembang
2023-09-11,0.0,34.6,23.4,palembang
2023-09-12,0.3,34.0,23.9,palembang
2023-09-13,0.1,33.9,23.6,palembang
2023-09-14,0.2,34.2,23.6,palembang
2023-09-15,0.1,34.6,23.6,palembang
2023-09-16,0.0,34.5,23.7,palembang
2023-09-17,0.0,33.0,24.0,palembang
2023-09-18,1.5,34.6,25.2,palembang
2023-09-19,1.2,34.7,24.8,palembang
2023-09-20,3.0,33.8,23.6,palembang
2023-09-21,21.0,32.6,22.6,palembang
2023-09-22,3.4,32.9,22.2,palembang
2023-09-23,0.1,33.3,23.1,palembang
2023-09-24,0.0,33.4,23.7,palembang
2023-09-25,0.0,34.8,23.5,palembang
2023-09-26,0.0,33.7,22.4,palembang
2023-09-27,0.0,35.4,23.0,palembang
2023-09-28,0.0,35.9,23.1,palembang
2023-09-29,0.0,36.0,23.8,palembang
2023-09-30,0.1,34.6,23.7,palembang
2023-10-01,0.0,35.5,24.1,palembang
2023-10-02,0.0,34.9,25.2,palembang
2023-10-03,0.0,35.1,24.5,palembang
2023-10-04,0.0,35.2,24.4,palembang
2023-10-05,0.0,36.3,25.0,palembang
2023-10-06,0.3,35.8,24.7,palembang
2023-10-07,0.1,36.2,24.4,palembang
2023-10-08,0.1,35.8,24.2,palembang
2023-10-09,1.9,35.8,25.2,palembang
2023-10-10,22.1,35.5,24.4,palembang
2023-10-11,0.3,36.4,23.5,palembang
2023-10-12,0.1,36.0,23.9,palembang
2023-10-13,0.7,35.7,24.1,palembang
2023-10-14,0.1,35.7,24.1,palembang
2023-10-15,0.6,34.8,25.0,palembang
2023-10-16,0.0,37.1,24.7,palembang
2023-10-17,0.1,36.6,24.4,palembang
2023-10-18,1.8,35.0,24.6,palembang
2023-10-19,15.3,32.1,24.3,palembang
2023-10-20,20.3,32.4,23.9,palembang
2023-10-21,6.3,33.8,24.3,palembang
2023-10-22,6.0,33.7,24.3,palembang
2023-10-23,0.6,34.4,24.8,palembang
2023-10-24,1.6,34.3,23.5,palembang
2023-10-25,0.7,33.5,23.7,palembang
2023-10-26,0.8,34.8,23.6,palembang
2023-10-27,0.0,35.6,23.7,palembang
2023-10-28,0.8,34.3,23.3,palembang
2023-10-29,0.4,36.0,23.6,palembang
2023-10-30,0.8,34.9,23.9,palembang
2023-10-31,14.2,34.6,24.5,palembang
2023-11-01,6.1,35.1,24.1,palembang
2023-11-02,0.6,34.8,24.0,palembang
2023-11-03,1.6,34.4,24.2,palembang
2023-11-04,2.9,35.9,24.3,palembang
2023-11-05,11.4,33.3,24.3,palembang
2023-11-06,3.7,32.2,24.2,palembang
2023-11-07,9.3,32.4,24.3,palembang
2023-11-08,0.7,33.8,24.5,palembang
2023-11-09,2.9,34.9,24.6,palembang
2023-11-10,0.9,34.3,24.5,palembang
2023-11-11,3.1,34.1,24.2,palembang
2023-11-12,8.1,33.5,23.9,palembang
2023-11-13,6.1,35.8,24.0,palembang
2023-11-14,33.0,33.1,23.9,palembang
2023-11-15,4.8,33.7,23.9,palembang
2023-11-16,7.9,32.1,23.8,palembang
2023-11-17,0.9,33.2,24.0,palembang
2023-11-18,20.5,33.1,23.5,palembang
2023-11-19,9.8,31.6,23.9,palembang
2023-11-20,7.3,30.6,23.6,palembang
2023-11-21,4.0,33.2,24.1,palembang
2023-11-22,23.8,26.9,24.6,palembang
2023-11-23,2.1,31.4,24.1,palembang
2023-11-24,18.9,31.7,24.6,palembang
2023-11-25,19.9,26.2,23.8,palembang
2023-11-26,0.3,29.9,24.0,palembang
2023-11-27,12.4,30.9,23.5,palembang
2023-11-28,13.4,31.5,24.0,palembang
2023-11-29,3.2,31.3,23.6,palembang
2023-11-30,35.7,31.6,23.9,palembang
2023-12-01,4.2,29.1,24.2,palembang
2023-12-02,9.3,33.2,24.4,palembang
2023-12-03,32.2,31.6,23.6,palembang
2023-12-04,13.6,29.6,23.1,palembang
2023-12-05,6.8,31.1,23.7,palembang
2023-12-06,17.2,30.4,24.3,palembang
2023-12-07,24.3,32.2,23.4,palembang
2023-12-08,4.2,31.6,24.1,palembang
2023-12-09,20.6,29.1,24.3,palembang
2023-12-10,6.6,30.5,24.0,palembang
2023-12-11,8.5,31.4,23.8,palembang
2023-12-12,19.0,30.5,23.3,palembang
2023-12-13,7.8,31.1,23.0,palembang
2023-12-14,4.9,31.9,23.5,palembang
2023-12-15,5.8,30.0,24.3,palembang
2023-12-16,3.8,29.9,24.3,palembang
2023-12-17,11.0,28.7,24.2,palembang
2023-12-18,7.6,29.3,23.5,palembang
2023-12-19,5.3,30.7,23.5,palembang
2023-12-20,9.5,30.4,23.6,palembang
2023-12-21,23.3,28.9,23.4,palembang
2023-12-22,18.4,29.1,23.7,palembang
2023-12-23,5.8,31.2,23.9,palembang
2023-12-24,5.6,31.6,23.9,palembang
2023-12-25,20.7,30.2,23.4,palembang
2023-12-26,15.4,30.5,23.5,palembang
2023-12-27,16.5,30.9,23.7,palembang
2023-12-28,11.3,30.2,23.8,palembang
2023-12-29,25.0,32.0,24.3,palembang
2023-12-30,21.0,29.0,23.4,palembang
2023-12-31,6.9,31.5,24.3,palembang
2024-01-01,18.4,30.6,24.0,palembang
2024-01-02,14.5,31.3,24.3,palembang
2024-01-03,31.6,30.6,24.1,palembang
2024-01-04,10.8,27.1,23.3,palembang
2024-01-05,10.4,30.9,24.0,palembang
2024-01-06,42.3,27.6,23.3,palembang
2024-01-07,19.7,28.6,23.8,palembang
2024-01-08,21.6,27.2,23.6,palembang
2024-01-09,3.5,30.8,23.7,palembang
2024-01-10,26.6,29.2,23.5,palembang
2024-01-11,37.1,30.6,23.1,palembang
2024-01-12,28.3,29.5,23.3,palembang
2024-01-13,14.1,29.8,23.7,palembang
2024-01-14,13.2,27.3,23.6,palembang
2024-01-15,2.6,30.4,23.5,palembang
2024-01-16,16.3,31.1,23.3,palembang
2024-01-17,14.8,29.3,23.6,palembang
2024-01-18,18.7,28.8,23.7,palembang
2024-01-19,21.5,27.4,23.8,palembang
2024-01-20,9.3,31.7,22.5,palembang
2024-01-21,0.3,31.5,23.4,palembang
2024-01-22,1.5,31.6,23.0,palembang
2024-01-23,20.4,32.1,23.8,palembang
2024-01-24,27.9,29.7,23.6,palembang
2024-01-25,12.1,29.7,23.5,palembang
2024-01-26,37.2,28.2,23.3,palembang
2024-01-27,9.1,30.2,23.6,palembang
2024-01-28,2.0,29.7,23.8,palembang
2024-01-29,10.7,29.7,24.1,palembang
2024-01-30,5.5,30.7,24.1,palembang
2024-01-31,4.3,31.7,23.5,palembang
2024-02-01,17.5,29.2,24.2,palembang
2024-02-02,18.8,30.2,23.6,palembang
2024-02-03,18.5,28.7,23.0,palembang
2024-02-04,16.6,31.2,23.5,palembang
2024-02-05,29.5,27.6,23.6,palembang
2024-02-06,23.1,30.0,24.0,palembang
2024-02-07,18.8,29.8,23.9,palembang
2024-02-08,21.6,30.3,23.3,palembang
2024-02-09,9.9,29.8,23.3,palembang
2024-02-10,9.2,30.3,23.5,palembang
2024-02-11,2.2,31.2,23.4,palembang
2024-02-12,8.4,29.7,23.7,palembang
2024-02-13,39.3,28.9,23.6,palembang
2024-02-14,38.3,29.5,23.7,palembang
2024-02-15,34.6,31.0,23.5,palembang
2024-02-16,26.9,29.8,23.7,palembang
2024-02-17,33.3,29.9,23.5,palembang
2024-02-18,15.4,31.4,23.9,palembang
2024-02-19,8.1,31.1,24.1,palembang
2024-02-20,5.7,31.0,24.2,palembang
2024-02-21,8.0,31.9,24.2,palembang
2024-02-22,23.6,31.6,24.0,palembang
2024-02-23,22.9,31.7,23.8,palembang
2024-02-24,10.9,30.4,23.3,palembang
2024-02-25,12.4,29.9,23.7,palembang
2024-02-26,11.6,30.4,24.0,palembang
2024-02-27,6.3,31.5,23.8,palembang
2024-02-28,16.0,30.3,24.1,palembang
2024-02-29,7.9,31.2,23.7,palembang
2024-03-01,7.7,32.4,24.2,palembang
2024-03-02,21.7,31.0,23.8,palembang
2024-03-03,19.2,30.9,24.5,palembang
2024-03-04,30.3,30.6,23.7,palembang
2024-03-05,6.4,30.8,23.8,palembang
2024-03-06,18.8,31.1,24.7,palembang
2024-03-07,32.7,32.1,24.6,palembang
2024-03-08,16.5,29.0,24.5,palembang
2024-03-09,3.1,29.4,24.2,palembang
2024-03-10,16.6,29.2,24.4,palembang
2024-03-11,14.5,30.2,23.7,palembang
2024-03-12,3.6,32.3,24.2,palembang
2024-03-13,1.4,30.8,24.0,palembang
2024-03-14,1.6,32.2,24.5,palembang
2024-03-15,0.5,31.7,24.8,palembang
2024-03-16,15.5,31.8,23.9,palembang
2024-03-17,4.5,31.1,24.0,palembang
2024-03-18,4.0,31.5,23.6,palembang
2024-03-19,4.0,31.5,23.9,palembang
2024-03-20,27.2,31.1,23.2,palembang
2024-03-21,25.6,31.2,23.2,palembang
2024-03-22,7.0,30.5,23.9,palembang
2024-03-23,5.2,31.9,23.9,palembang
2024-03-24,7.8,32.4,24.7,palembang
2024-03-25,5.8,31.7,23.7,palembang
2024-03-26,3.7,32.2,23.9,palembang
2024-03-27,1.0,29.8,24.8,palembang
2024-03-28,10.7,30.6,24.4,palembang
2024-03-29,0.8,32.8,24.9,palembang
2024-03-30,12.6,32.6,25.1,palembang
2024-03-31,2.3,31.5,24.6,palembang
2024-04-01,3.8,32.9,24.4,palembang
2024-04-02,11.3,32.5,24.2,palembang
2024-04-03,10.5,31.8,24.6,palembang
2024-04-04,5.9,31.5,24.7,palembang
2024-04-05,9.7,31.5,24.0,palembang
2024-04-06,26.5,32.4,24.1,palembang
2024-04-07,22.1,30.6,24.6,palembang
2024-04-08,11.9,31.3,24.3,palembang
2024-04-09,11.7,29.6,24.3,palembang
2024-04-10,26.5,32.0,24.5,palembang
2024-04-11,32.2,31.0,23.8,palembang
2024-04-12,35.6,30.0,24.5,palembang
2024-04-13,9.2,30.9,23.6,palembang
2024-04-14,20.2,30.7,24.2,palembang
2024-04-15,10.1,32.3,24.4,palembang
2024-04-16,14.1,30.6,24.6,palembang
2024-04-17,5.3,31.5,24.0,palembang
2024-04-18,11.8,31.3,25.1,palembang
2024-04-19,8.5,30.7,24.6,palembang
2024-04-20,25.7,31.6,25.0,palembang
2024-04-21,6.6,31.2,24.4,palembang
2024-04-22,6.2,32.4,24.5,palembang
2024-04-23,21.0,32.6,24.4,palembang
2024-04-24,5.8,29.7,24.8,palembang
2024-04-25,3.1,31.4,24.6,palembang
2024-04-26,4.9,32.3,24.6,palembang
2024-04-27,4.6,30.7,24.6,palembang
2024-04-28,14.6,30.5,24.6,palembang
2024-04-29,8.9,31.5,24.4,palembang
2024-04-30,4.9,31.8,24.5,palembang
2024-05-01,10.1,31.5,24.5,palembang
2024-05-02,4.7,31.7,24.3,palembang
2024-05-03,16.6,32.1,25.2,palembang
2024-05-04,4.9,30.4,24.5,palembang
2024-05-05,13.9,32.0,24.5,palembang
2024-05-06,8.1,32.2,23.8,palembang
2024-05-07,3.2,30.0,24.2,palembang
2024-05-08,9.8,28.0,23.9,palembang
2024-05-09,4.0,32.2,24.9,palembang
2024-05-10,1.8,32.4,24.7,palembang
2024-05-11,5.9,32.4,25.4,palembang
2024-05-12,12.7,29.2,24.1,palembang
2024-05-13,8.7,31.3,24.4,palembang
2024-05-14,47.6,30.3,23.8,palembang
2024-05-15,8.0,31.7,24.5,palembang
2024-05-16,0.1,32.7,25.3,palembang
2024-05-17,2.1,32.4,25.0,palembang
2024-05-18,2.1,31.8,25.1,palembang
2024-05-19,10.8,31.2,24.9,palembang
2024-05-20,7.8,31.9,25.1,palembang
2024-05-21,2.9,32.6,25.0,palembang
2024-05-22,18.5,31.5,24.6,palembang
2024-05-23,21.7,30.4,24.0,palembang
2024-05-24,14.2,29.9,24.5,palembang
2024-05-25,4.5,29.4,24.7,palembang
2024-05-26,2.7,31.8,25.1,palembang
2024-05-27,15.9,31.9,25.3,palembang
2024-05-28,3.6,32.9,24.4,palembang
2024-05-29,3.4,32.6,25.3,palembang
2024-05-30,1.3,32.5,24.9,palembang
2024-05-31,4.9,32.2,25.3,palembang
2024-06-01,3.4,29.2,24.9,palembang
2024-06-02,15.0,31.0,24.7,palembang
2024-06-03,1.4,30.9,24.9,palembang
2024-06-04,12.4,31.7,24.6,palembang
2024-06-05,6.2,31.6,24.8,palembang
2024-06-06,2.8,32.1,25.0,palembang
2024-06-07,1.3,30.9,23.7,palembang
2024-06-08,5.5,31.9,24.5,palembang
2024-06-09,7.1,31.2,23.3,palembang
2024-06-10,0.6,32.0,24.3,palembang
2024-06-11,17.6,30.5,23.9,palembang
2024-06-12,3.0,31.1,24.1,palembang
2024-06-13,6.7,31.4,24.1,palembang
2024-06-14,5.8,31.7,24.6,palembang
2024-06-15,7.6,31.9,23.3,palembang
2024-06-16,11.5,31.0,23.2,palembang
2024-06-17,6.5,31.6,23.7,palembang
2024-06-18,7.7,30.9,23.7,palembang
2024-06-19,11.7,31.1,24.3,palembang
2024-06-20,8.1,30.1,24.3,palembang
2024-06-21,10.4,30.1,23.5,palembang
2024-06-22,1.6,30.6,22.7,palembang
2024-06-23,0.0,31.6,23.5,palembang
2024-06-24,2.2,28.6,24.1,palembang
2024-06-25,8.0,28.9,23.5,palembang
2024-06-26,2.1,32.2,23.4,palembang
2024-06-27,16.0,31.0,22.9,palembang
2024-06-28,13.6,31.0,23.9,palembang
2024-06-29,14.2,31.0,23.0,palembang
2024-06-30,5.0,31.6,24.0,palembang
2024-07-01,0.8,29.4,24.3,palembang
2024-07-02,3.4,29.5,24.4,palembang
2024-07-03,11.4,31.7,24.2,palembang
2024-07-04,1.4,31.3,23.6,palembang
2024-07-05,16.5,27.8,23.5,palembang
2024-07-06,10.0,28.9,24.0,palembang
2024-07-07,0.8,30.7,23.4,palembang
2024-07-08,14.2,31.1,23.2,palembang
2024-07-09,9.4,30.4,23.2,palembang
2024-07-10,1.0,31.4,24.1,palembang
2024-07-11,1.7,30.4,23.2,palembang
2024-07-12,0.0,31.3,23.7,palembang
2024-07-13,0.8,30.5,23.5,palembang
2024-07-14,0.0,31.1,22.7,palembang
2024-07-15,0.0,30.8,23.2,palembang
2024-07-16,0.0,32.2,22.6,palembang
2024-07-17,1.4,31.3,23.5,palembang
2024-07-18,0.3,31.6,23.7,palembang
2024-07-19,0.3,31.8,23.6,palembang
2024-07-20,0.3,32.2,23.4,palembang
2024-07-21,0.0,32.3,23.9,palembang
2024-07-22,0.1,32.7,24.3,palembang
2024-07-23,0.0,32.2,24.2,palembang
2024-07-24,0.0,31.9,23.6,palembang
2024-07-25,0.0,32.3,22.8,palembang
2024-07-26,0.5,32.4,23.5,palembang
2024-07-27,0.0,32.9,23.6,palembang
2024-07-28,0.1,33.2,23.7,palembang
2024-07-29,0.0,33.4,24.0,palembang
2024-07-30,0.0,33.4,24.1,palembang
2024-07-31,0.1,33.6,24.0,palembang
2024-08-01,0.8,33.9,24.1,palembang
2024-08-02,13.4,31.9,24.2,palembang
2024-08-03,10.9,31.4,24.0,palembang
2024-08-04,0.2,32.1,23.5,palembang
2024-08-05,0.7,31.8,23.4,palembang
2024-08-06,0.1,33.0,23.6,palembang
2024-08-07,0.1,32.6,23.5,palembang
2024-08-08,6.6,30.0,24.1,palembang
2024-08-09,0.2,32.5,23.8,palembang
2024-08-10,0.4,32.9,23.9,palembang
2024-08-11,0.0,32.5,23.4,palembang
2024-08-12,0.3,32.6,23.4,palembang
2024-08-13,0.0,33.6,23.2,palembang
2024-08-14,1.5,32.5,23.6,palembang
2024-08-15,0.2,33.1,24.1,palembang
2024-08-16,0.3,31.8,24.6,palembang
2024-08-17,1.0,33.9,25.0,palembang
2024-08-18,1.5,32.9,24.1,palembang
2024-08-19,1.9,32.3,24.1,palembang
2024-08-20,0.0,34.6,24.0,palembang
2024-08-21,0.2,32.6,23.0,palembang
2024-08-22,0.5,33.2,24.4,palembang
2024-08-23,1.6,33.9,23.9,palembang
2024-08-24,0.2,32.7,24.0,palembang
2024-08-25,0.0,33.6,24.3,palembang
2024-08-26,0.0,34.8,23.7,palembang
2024-08-27,0.0,34.1,24.2,palembang
2024-08-28,0.0,34.9,24.2,palembang
2024-08-29,0.1,33.9,24.3,palembang
2024-08-30,1.1,33.6,25.1,palembang
2024-08-31,0.3,34.3,24.6,palembang
2024-09-01,0.2,34.4,24.7,palembang
2024-09-02,0.0,35.7,24.3,palembang
2024-09-03,0.1,35.1,25.5,palembang
2024-09-04,0.1,34.7,24.7,palembang
2024-09-05,0.3,35.6,24.7,palembang
2024-09-06,0.5,34.9,24.9,palembang
2024-09-07,0.5,35.3,24.6,palembang
2024-09-08,1.8,33.8,24.1,palembang
2024-09-09,27.5,33.6,24.2,palembang
2024-09-10,12.9,30.8,23.8,palembang
2024-09-11,10.7,32.5,23.8,palembang
2024-09-12,40.8,30.1,23.2,palembang
2024-09-13,0.0,32.2,22.7,palembang
2024-09-14,2.7,32.6,24.0,palembang
2024-09-15,3.2,33.1,23.6,palembang
2024-09-16,3.0,31.2,23.5,palembang
2024-09-17,0.0,32.7,23.7,palembang
2024-09-18,0.0,32.8,23.1,palembang
2024-09-19,0.0,33.4,23.3,palembang
2024-09-20,0.0,34.0,24.0,palembang
2024-09-21,0.2,34.6,24.5,palembang
2024-09-22,0.6,33.9,25.3,palembang
2024-09-23,7.5,34.5,24.9,palembang
2024-09-24,15.5,31.4,23.3,palembang
2024-09-25,19.6,32.2,23.5,palembang
2024-09-26,4.5,30.6,23.3,palembang
2024-09-27,1.7,32.8,23.4,palembang
2024-09-28,7.0,33.2,24.4,palembang
2024-09-29,7.8,31.4,24.2,palembang
2024-09-30,9.1,30.7,23.6,palembang
2024-10-01,11.4,32.1,23.3,palembang
2024-10-02,5.7,31.5,23.8,palembang
2024-10-03,8.9,31.3,23.8,palembang
2024-10-04,10.9,31.7,23.3,palembang
2024-10-05,9.8,30.2,23.7,palembang
2024-10-06,0.3,31.6,24.2,palembang
2024-10-07,0.4,30.9,23.5,palembang
2024-10-08,1.0,31.6,24.2,palembang
2024-10-09,0.8,33.1,25.0,palembang
2024-10-10,12.1,33.6,24.3,palembang
2024-10-11,36.4,31.9,23.6,palembang
2024-10-12,18.0,32.6,24.2,palembang
2024-10-13,11.5,30.6,23.3,palembang
2024-10-14,19.9,32.3,24.0,palembang
2024-10-15,0.0,32.5,22.9,palembang
2024-10-16,1.0,32.9,24.4,palembang
2024-10-17,0.0,33.0,24.3,palembang
2024-10-18,0.1,33.3,23.6,palembang
2024-10-19,0.1,33.4,24.4,palembang
2024-10-20,0.5,32.3,23.4,palembang
2024-10-21,4.0,32.2,24.5,palembang
2024-10-22,2.3,32.4,24.6,palembang
2024-10-23,10.4,32.3,24.1,palembang
2024-10-24,0.9,32.4,24.7,palembang
2024-10-25,0.0,33.2,24.5,palembang
2024-10-26,0.0,34.2,24.1,palembang
2024-10-27,0.0,34.5,24.6,palembang
2024-10-28,0.0,34.8,25.3,palembang
2024-10-29,0.0,35.7,25.0,palembang
2024-10-30,0.3,35.3,25.3,palembang
2024-10-31,0.0,34.3,25.2,palembang
2024-11-01,4.0,31.7,24.1,palembang
2024-11-02,12.3,32.6,24.5,palembang
2024-11-03,13.4,32.1,23.8,palembang
2024-11-04,16.0,27.8,23.5,palembang
2024-11-05,22.4,29.7,24.1,palembang
2024-11-06,16.2,30.9,23.2,palembang
2024-11-07,20.0,31.3,23.6,palembang
2024-11-08,11.6,32.1,23.8,palembang
2024-11-09,17.0,32.3,23.9,palembang
2024-11-10,6.9,32.3,23.2,palembang
2024-11-11,1.7,32.6,24.1,palembang
2024-11-12,6.2,29.3,24.1,palembang
2024-11-13,6.5,31.7,24.8,palembang
2024-11-14,5.4,31.1,24.3,palembang
2024-11-15,0.3,31.5,24.6,palembang
2024-11-16,4.0,31.6,25.0,palembang
2024-11-17,20.2,30.8,24.1,palembang
2024-11-18,18.5,29.6,23.8,palembang
2024-11-19,10.3,31.4,24.3,palembang
2024-11-20,13.0,31.0,24.5,palembang
2024-11-21,21.4,30.8,23.7,palembang
2024-11-22,14.5,30.2,24.3,palembang
2024-11-23,26.5,30.4,24.1,palembang
2024-11-24,0.0,29.6,24.7,palembang
2024-11-25,1.0,31.6,25.3,palembang
2024-11-26,22.5,31.2,25.0,palembang
2024-11-27,16.8,29.7,24.6,palembang
2024-11-28,11.9,31.0,24.9,palembang
2024-11-29,15.0,26.4,24.6,palembang
2024-11-30,5.7,31.6,25.2,palembang
2024-12-01,8.7,31.5,24.7,palembang
2024-12-02,28.7,28.7,24.3,palembang
2024-12-03,3.7,29.0,24.7,palembang
2024-12-04,0.1,30.4,24.0,palembang
2024-12-05,3.3,28.0,24.5,palembang
2024-12-06,0.7,29.5,25.1,palembang
2024-12-07,6.5,30.0,25.1,palembang
2024-12-08,7.1,32.4,24.3,palembang
2024-12-09,4.5,31.5,23.6,palembang
2024-12-10,7.8,31.8,24.5,palembang
2024-12-11,2.9,31.2,25.2,palembang
2024-12-12,0.3,32.0,25.0,palembang
2024-12-13,0.0,31.8,25.2,palembang
2024-12-14,0.8,33.5,24.7,palembang
2024-12-15,6.0,30.6,24.8,palembang
2024-12-16,17.9,31.2,24.9,palembang
2024-12-17,50.2,29.9,23.9,palembang
2024-12-18,26.8,29.1,24.2,palembang
2024-12-19,4.7,30.3,24.3,palembang
2024-12-20,5.4,30.1,24.5,palembang
2024-12-21,4.2,29.4,24.4,palembang
2024-12-22,6.8,30.5,24.1,palembang
2024-12-23,29.7,29.4,23.8,palembang
2024-12-24,2.4,29.6,24.4,palembang
2024-12-25,3.6,29.7,24.3,palembang
2024-12-26,8.7,28.3,24.0,palembang
2024-12-27,0.3,31.1,24.6,palembang
2024-12-28,10.1,31.4,25.1,palembang
2024-12-29,6.5,30.3,24.0,palembang
2024-12-30,4.1,28.8,24.1,palembang
2024-12-31,4.9,29.3,24.6,palembang
2025-01-01,27.1,28.5,23.0,palembang
2025-01-02,5.3,31.1,23.4,palembang
2025-01-03,19.5,29.1,23.4,palembang
2025-01-04,5.6,28.4,23.5,palembang
2025-01-05,15.6,29.9,23.3,palembang
2025-01-06,8.2,29.1,22.8,palembang
2025-01-07,12.7,29.2,23.7,palembang
2025-01-08,2.5,30.1,23.5,palembang
2025-01-09,5.3,30.0,23.0,palembang
2025-01-10,0.1,31.3,24.0,palembang
2025-01-11,0.0,30.1,22.4,palembang
2025-01-12,20.8,28.3,23.9,palembang
2025-01-13,1.3,30.6,23.2,palembang
2025-01-14,5.6,29.8,24.1,palembang
2025-01-15,8.3,27.7,23.5,palembang
2025-01-16,10.1,30.7,24.5,palembang
2025-01-17,17.8,27.8,23.3,palembang
2025-01-18,21.5,27.3,23.4,palembang
2025-01-19,12.9,28.7,23.7,palembang
2025-01-20,7.5,27.8,23.3,palembang
2025-01-21,2.1,29.7,23.4,palembang
2025-01-22,2.2,27.7,23.9,palembang
2025-01-23,8.3,31.0,23.9,palembang
2025-01-24,6.4,30.4,23.5,palembang
2025-01-25,25.8,29.0,23.1,palembang
2025-01-26,17.0,30.8,23.9,palembang
2025-01-27,27.5,26.8,23.2,palembang
2025-01-28,17.4,28.2,23.3,palembang
2025-01-29,4.5,28.3,23.4,palembang
2025-01-30,1.2,29.3,23.2,palembang
2025-01-31,3.3,30.5,22.9,palembang
2025-02-01,0.7,31.1,23.3,palembang
2025-02-02,0.4,30.8,24.5,palembang
2025-02-03,3.3,28.3,24.5,palembang
2025-02-04,10.7,31.3,23.5,palembang
2025-02-05,10.7,29.0,23.7,palembang
2025-02-06,2.6,29.8,23.9,palembang
2025-02-07,0.5,31.3,23.6,palembang
2025-02-08,1.7,31.2,24.1,palembang
2025-02-09,10.7,30.3,23.3,palembang
2025-02-10,0.6,30.6,23.7,palembang
2025-02-11,0.3,31.1,24.1,palembang
2025-02-12,4.1,31.3,24.4,palembang
2025-02-13,29.0,32.4,24.0,palembang
2025-02-14,9.3,31.1,23.3,palembang
2025-02-15,12.2,29.2,23.0,palembang
2025-02-16,6.3,28.9,23.2,palembang
2025-02-17,12.7,30.8,23.9,palembang
2025-02-18,11.5,30.1,23.6,palembang
2025-02-19,7.3,29.0,23.0,palembang
2025-02-20,3.8,30.5,23.8,palembang
2025-02-21,27.5,30.3,23.3,palembang
2025-02-22,2.7,28.2,23.6,palembang
2025-02-23,18.5,29.1,23.0,palembang
2025-02-24,20.4,30.0,23.8,palembang
2025-02-25,5.0,28.4,23.4,palembang
2025-02-26,14.2,30.8,23.9,palembang
2025-02-27,13.0,29.3,23.1,palembang
2025-02-28,20.5,30.8,23.2,palembang
2025-03-01,11.9,30.2,24.0,palembang
2025-03-02,7.9,31.3,24.2,palembang
2025-03-03,30.8,30.8,23.8,palembang
2025-03-04,30.6,29.6,24.1,palembang
2025-03-05,6.4,30.8,24.2,palembang
2025-03-06,25.8,30.9,23.5,palembang
2025-03-07,13.8,32.3,24.3,palembang
2025-03-08,19.7,31.0,23.6,palembang
2025-03-09,27.1,27.5,23.4,palembang
2025-03-10,10.0,31.4,24.0,palembang
2025-03-11,34.7,29.6,23.6,palembang
2025-03-12,10.4,30.9,23.3,palembang
2025-03-13,9.9,31.5,23.5,palembang
2025-03-14,13.2,31.1,23.9,palembang
2025-03-15,8.2,29.6,24.2,palembang
2025-03-16,1.9,31.4,24.3,palembang
2025-03-17,6.9,28.5,23.9,palembang
2025-03-18,6.7,30.1,24.4,palembang
2025-03-19,13.1,26.3,23.0,palembang
2025-03-20,0.8,29.8,22.2,palembang
2025-03-21,1.3,28.6,23.3,palembang
2025-03-22,6.0,29.7,23.4,palembang
2025-03-23,6.8,30.6,24.0,palembang
2025-03-24,5.7,31.4,24.1,palembang
2025-03-25,3.6,30.6,23.8,palembang
2025-03-26,3.1,31.9,24.6,palembang
2025-03-27,3.3,31.1,24.0,palembang
2025-03-28,21.2,30.1,23.9,palembang
2025-03-29,4.8,31.4,24.9,palembang
2025-03-30,14.2,31.4,23.7,palembang
2025-03-31,17.4,29.5,23.6,palembang
2025-04-01,8.4,31.3,24.0,palembang
2025-04-02,11.9,28.4,23.8,palembang
2025-04-03,13.1,30.0,23.4,palembang
2025-04-04,16.9,30.2,23.8,palembang
2025-04-05,28.3,28.8,23.2,palembang
2025-04-06,14.6,31.1,24.1,palembang
2025-04-07,19.3,31.4,23.8,palembang
2025-04-08,10.1,31.9,23.8,palembang
2025-04-09,11.8,31.5,24.0,palembang
2025-04-10,2.8,31.8,24.4,palembang
2025-04-11,11.7,30.0,24.4,palembang
2025-04-12,5.6,31.3,24.6,palembang
2025-04-13,38.9,28.4,23.7,palembang
2025-04-14,8.6,31.6,23.9,palembang
2025-04-15,24.6,30.7,23.9,palembang
2025-04-16,11.2,31.3,24.0,palembang
2025-04-17,4.0,29.2,23.7,palembang
2025-04-18,5.9,31.3,24.5,palembang
2025-04-19,4.2,31.2,24.3,palembang
2025-04-20,1.4,30.5,23.9,palembang
2025-04-21,28.4,30.2,24.1,palembang
2025-04-22,2.5,30.9,24.1,palembang
2025-04-23,11.7,31.2,23.9,palembang
2025-04-24,15.4,31.4,24.5,palembang
2025-04-25,3.0,30.9,24.1,palembang
2025-04-26,8.5,30.9,24.2,palembang
2025-04-27,1.5,29.3,24.5,palembang
2025-04-28,11.9,31.8,23.8,palembang
2025-04-29,12.0,31.7,23.0,palembang
2025-04-30,4.3,31.5,23.6,palembang
2025-05-01,10.3,32.0,23.8,palembang
2025-05-02,16.9,31.4,23.8,palembang
2025-05-03,0.3,32.5,23.8,palembang
2025-05-04,8.7,31.2,23.6,palembang
2025-05-05,7.9,30.9,23.5,palembang
2025-05-06,1.2,32.2,24.0,palembang
2025-05-07,0.4,32.4,25.3,palembang
2025-05-08,1.0,33.3,25.4,palembang
2025-05-09,11.0,31.7,23.9,palembang
2025-05-10,1.3,32.8,25.3,palembang
2025-05-11,17.1,32.0,24.0,palembang
2025-05-12,4.1,31.2,24.6,palembang
2025-05-13,14.5,29.9,24.3,palembang
2025-05-14,1.2,31.8,24.9,palembang
2025-05-15,0.2,32.4,24.8,palembang
2025-05-16,7.7,32.1,24.2,palembang
2025-05-17,0.0,30.8,24.7,palembang
2025-05-18,6.1,31.8,25.3,palembang
2025-05-19,1.0,29.3,25.0,palembang
2025-05-20,0.0,32.6,25.5,palembang
2025-05-21,0.2,33.1,25.2,palembang
2025-05-22,6.3,31.5,25.0,palembang
2025-05-23,13.0,29.0,25.0,palembang
2025-05-24,1.3,32.1,25.2,palembang
2025-05-25,14.8,31.3,25.2,palembang
2025-05-26,8.2,30.6,24.5,palembang
2025-05-27,0.1,32.7,25.2,palembang
2025-05-28,11.8,33.1,25.3,palembang
2025-05-29,16.0,32.5,25.1,palembang
2025-05-30,0.0,30.3,24.7,palembang
2025-05-31,13.6,32.8,25.1,palembang
2025-06-01,1.0,27.7,24.6,palembang
2025-06-02,0.3,31.7,24.6,palembang
2025-06-03,6.3,32.6,23.7,palembang
2025-06-04,6.5,31.8,24.4,palembang
2025-06-05,27.8,32.0,23.6,palembang
2025-06-06,12.3,30.8,24.3,palembang
2025-06-07,13.2,30.6,23.6,palembang
2025-06-08,0.0,32.3,24.4,palembang
2025-06-09,0.0,32.3,25.1,palembang
2025-06-10,1.4,32.0,24.5,palembang
2025-06-11,0.0,32.3,25.0,palembang
2025-06-12,3.7,31.8,25.1,palembang
2025-06-13,3.2,31.0,24.6,palembang
2025-06-14,5.3,28.2,24.8,palembang
2025-06-15,3.9,31.7,24.1,palembang
2025-06-16,4.4,31.1,24.6,palembang
2025-06-17,12.2,31.6,24.6,palembang
2025-06-18,25.7,30.1,23.3,palembang
2025-06-19,0.3,29.1,24.2,palembang
2025-06-20,2.7,30.8,24.3,palembang
2025-06-21,0.5,30.5,23.6,palembang
2025-06-22,6.3,31.4,24.2,palembang
2025-06-23,17.8,30.3,23.5,palembang
2025-06-24,12.3,27.9,23.4,palembang
2025-06-25,0.5,31.8,24.5,palembang
2025-06-26,0.0,32.5,24.5,palembang
2025-06-27,0.0,32.3,24.4,palembang
2025-06-28,2.4,28.6,24.7,palembang
2025-06-29,0.5,30.4,23.9,palembang
2025-06-30,0.4,30.9,23.6,palembang
2025-07-01,7.7,31.7,23.7,palembang
2025-07-02,2.2,32.0,24.1,palembang
2025-07-03,5.3,31.2,23.5,palembang
2025-07-04,21.3,31.9,23.9,palembang
2025-07-05,7.5,27.7,23.4,palembang
2025-07-06,0.4,31.2,24.0,palembang
2025-07-07,1.2,29.3,24.3,palembang
2025-07-08,1.9,30.7,24.4,palembang
2025-07-09,6.0,30.2,24.0,palembang
2025-07-10,0.4,31.3,24.1,palembang
2025-07-11,6.6,29.6,24.3,palembang
2025-07-12,5.3,30.6,23.6,palembang
2025-07-13,7.9,31.2,23.9,palembang
2025-07-14,8.0,30.6,23.4,palembang
2025-07-15,2.9,31.2,24.5,palembang
2025-07-16,5.7,31.8,24.8,palembang
2025-07-17,0.1,32.3,24.3,palembang
2025-07-18,1.1,32.2,24.5,palembang
2025-07-19,1.1,32.5,24.1,palembang
2025-07-20,0.0,33.0,24.3,palembang
2025-07-21,0.4,32.7,24.1,palembang
2025-07-22,0.8,32.5,23.8,palembang
2025-07-23,0.4,33.4,23.7,palembang
2025-07-24,1.0,33.7,24.2,palembang
2025-07-25,1.0,33.3,24.5,palembang
2025-07-26,1.7,33.5,24.7,palembang
2025-07-27,4.6,32.5,24.2,palembang
2025-07-28,4.2,32.4,24.2,palembang
2025-07-29,1.3,33.1,24.3,palembang
2025-07-30,11.0,32.3,25.0,palembang
2025-07-31,8.0,31.8,23.7,palembang
2025-08-01,0.3,32.9,24.3,palembang
2025-08-02,0.8,32.6,23.8,palembang
2025-08-03,6.0,32.8,24.2,palembang
2025-08-04,17.1,30.3,24.5,palembang
2025-08-05,18.2,27.6,23.6,palembang
2025-08-06,1.3,31.9,24.1,palembang
2025-08-07,0.3,32.2,24.2,palembang
2025-08-08,0.9,32.1,24.7,palembang
2025-08-09,1.2,32.5,23.5,palembang
2025-08-10,0.2,32.8,24.3,palembang
2025-08-11,15.1,30.2,23.1,palembang
2025-08-12,13.8,30.4,23.7,palembang
2025-08-13,15.7,29.7,24.0,palembang
2025-08-14,12.3,29.1,23.6,palembang
2025-08-15,5.9,30.9,23.3,palembang
2025-08-16,3.4,31.3,23.4,palembang
2025-08-17,1.0,31.9,23.8,palembang
2025-08-18,19.0,26.7,23.1,palembang
2025-08-19,0.6,29.1,23.1,palembang
2025-08-20,0.6,30.6,23.8,palembang
2025-08-21,0.1,30.0,23.6,palembang
2025-08-22,0.0,32.3,23.3,palembang
2025-08-23,9.8,30.1,23.4,palembang
2025-08-24,27.3,30.7,23.0,palembang
2025-08-25,5.5,31.8,22.9,palembang
2025-08-26,0.8,32.4,24.3,palembang
2025-08-27,0.0,33.4,23.4,palembang
2025-08-28,0.4,33.4,23.2,palembang
2025-08-29,1.7,33.2,23.8,palembang
2025-08-30,22.9,32.1,23.5,palembang
2025-08-31,9.7,31.6,23.7,palembang
2025-09-01,14.2,30.7,23.6,palembang
2025-09-02,7.0,30.1,23.3,palembang
2025-09-03,2.5,29.3,23.5,palembang
2025-09-04,3.4,31.1,23.9,palembang
2025-09-05,3.0,31.2,23.9,palembang
2025-09-06,0.7,31.1,24.1,palembang
2025-09-07,9.5,31.7,24.0,palembang
2025-09-08,20.2,31.7,23.6,palembang
2025-09-09,17.8,29.4,24.2,palembang
2025-09-10,16.9,30.1,23.9,palembang
2025-09-11,37.3,29.6,23.6,palembang
2025-09-12,9.5,28.9,23.4,palembang
2025-09-13,7.1,31.8,23.9,palembang
2025-09-14,0.0,32.1,23.9,palembang
2025-09-15,0.1,32.7,24.1,palembang
2025-09-16,1.4,30.8,24.6,palembang
2025-09-17,21.5,28.8,24.5,palembang
2025-09-18,4.3,31.2,23.5,palembang
2025-09-19,0.8,31.5,23.2,palembang
2025-09-20,5.1,28.8,24.1,palembang
2025-09-21,12.6,31.4,23.4,palembang
2025-09-22,3.3,32.7,23.7,palembang
2025-09-23,2.4,32.0,22.5,palembang
2025-09-24,0.0,33.1,22.9,palembang
2025-09-25,0.0,33.5,23.2,palembang
2025-09-26,2.4,33.7,23.3,palembang
2025-09-27,0.7,33.6,24.3,palembang
2025-09-28,17.9,33.5,23.7,palembang
2025-09-29,20.7,30.3,23.3,palembang
2025-09-30,12.2,31.4,23.7,palembang
2025-10-01,3.7,32.1,23.4,palembang
2025-10-02,25.6,26.7,23.4,palembang
2025-10-03,0.4,32.5,23.1,palembang
2025-10-04,0.0,32.9,24.1,palembang
2025-10-05,0.3,32.3,24.7,palembang
2025-10-06,15.9,31.4,23.6,palembang
2025-10-07,19.5,29.1,22.6,palembang
2025-10-08,6.8,31.8,23.5,palembang
2025-10-09,7.5,33.0,23.0,palembang
2025-10-10,2.3,31.1,24.3,palembang
2025-10-11,0.1,32.4,23.9,palembang
2025-10-12,0.9,32.2,24.7,palembang
2025-10-13,5.1,31.2,25.0,palembang
2025-10-14,11.2,31.8,24.3,palembang
2025-10-15,1.7,32.5,24.2,palembang
2025-10-16,6.9,31.2,25.1,palembang
2025-10-17,1.4,32.4,24.8,palembang
2025-10-18,7.2,32.1,23.3,palembang
2025-10-19,5.7,31.9,24.2,palembang
2025-10-20,13.5,30.9,24.2,palembang
2025-10-21,26.4,30.9,23.9,palembang
2025-10-22,14.5,30.4,23.7,palembang
2025-10-23,28.0,29.0,23.9,palembang
2025-10-24,0.0,30.5,25.3,palembang
2025-10-25,0.4,31.3,24.0,palembang
2025-10-26,0.4,31.6,25.4,palembang
2025-10-27,7.2,32.9,24.5,palembang
2025-10-28,3.0,30.9,24.3,palembang
2025-10-29,0.5,32.9,24.8,palembang
2025-10-30,1.4,33.9,24.5,palembang
2025-10-31,1.0,34.2,24.8,palembang
2025-11-01,1.2,33.9,24.9,palembang
2025-11-02,7.1,33.9,25.6,palembang
2025-11-03,26.5,32.7,24.0,palembang
2025-11-04,5.7,32.4,24.5,palembang
2025-11-05,24.0,30.9,23.7,palembang
2025-11-06,0.0,32.9,24.8,palembang
2025-11-07,16.3,32.3,24.7,palembang
2025-11-08,17.2,29.7,24.1,palembang
2025-11-09,1.2,32.2,24.7,palembang
2025-11-10,7.5,28.5,24.2,palembang
2025-11-11,20.3,30.5,24.3,palembang
2025-11-12,7.3,28.4,24.4,palembang
2025-11-13,19.4,32.1,24.1,palembang
2025-11-14,0.9,32.1,23.6,palembang
2025-11-15,13.2,31.0,23.6,palembang
2025-11-16,11.6,31.3,24.3,palembang
2025-11-17,0.3,30.1,24.1,palembang
2025-11-18,4.8,30.7,24.5,palembang
2025-11-19,17.8,30.0,23.8,palembang
2025-11-20,2.2,29.8,23.8,palembang
2025-11-21,5.2,32.7,25.0,palembang
2025-11-22,11.6,31.7,24.3,palembang
2025-11-23,16.6,30.4,24.5,palembang
2025-11-24,11.6,31.9,24.6,palembang
2025-11-25,6.5,30.6,24.8,palembang
2025-11-26,0.3,33.0,24.9,palembang
2025-11-27,0.9,32.2,25.3,palembang
2025-11-28,5.0,32.4,25.7,palembang
2025-11-29,1.2,32.8,25.5,palembang
2025-11-30,9.6,32.2,24.0,palembang
2025-12-01,8.5,32.7,24.4,palembang
2025-12-02,7.8,31.8,24.2,palembang
2025-12-03,13.7,31.4,24.4,palembang
2025-12-04,26.2,29.9,23.8,palembang
2025-12-05,8.1,30.4,23.9,palembang
2025-12-06,36.3,29.6,23.1,palembang
2025-12-07,9.2,28.5,24.0,palembang
2025-12-08,19.6,30.5,23.4,palembang
2025-12-09,32.4,28.8,23.6,palembang
2025-12-10,17.4,30.3,23.2,palembang
2025-12-11,48.0,30.4,23.4,palembang
2025-12-12,25.0,29.4,23.1,palembang
2025-12-13,15.0,29.5,24.0,palembang
2025-12-14,16.0,30.0,23.7,palembang
2025-12-15,10.2,30.1,24.0,palembang
2025-12-16,3.9,30.5,23.3,palembang
2025-12-17,7.4,30.9,23.3,palembang
2025-12-18,4.4,31.6,24.6,palembang
2025-12-19,23.5,30.6,23.7,palembang
2025-12-20,10.3,31.1,23.9,palembang
2025-12-21,23.9,29.1,23.4,palembang
2025-12-22,6.6,31.1,24.0,palembang
2025-12-23,0.5,31.8,24.0,palembang
2025-12-24,12.6,31.1,23.6,palembang
2025-12-25,29.9,30.4,24.2,palembang
2025-12-26,26.8,27.9,24.3,palembang
2025-12-27,14.5,31.0,24.8,palembang
2025-12-28,13.8,28.7,24.3,palembang
2025-12-29,18.5,30.0,24.2,palembang
2025-12-30,13.6,28.6,24.0,palembang
2025-12-31,4.5,29.3,23.5,palembang
2023-01-01,9.4,27.9,23.6,surabaya
2023-01-02,3.4,28.9,24.2,surabaya
2023-01-03,4.7,30.6,24.2,surabaya
2023-01-04,7.8,30.8,24.8,surabaya
2023-01-05,2.8,30.9,24.7,surabaya
2023-01-06,11.3,31.1,25.5,surabaya
2023-01-07,2.7,31.7,24.7,surabaya
2023-01-08,4.6,30.0,24.4,surabaya
2023-01-09,12.7,30.2,23.4,surabaya
2023-01-10,1.6,30.1,23.9,surabaya
2023-01-11,2.4,31.1,25.1,surabaya
2023-01-12,1.7,30.7,24.9,surabaya
2023-01-13,2.7,30.8,24.3,surabaya
2023-01-14,2.2,31.6,24.8,surabaya
2023-01-15,7.1,30.6,24.9,surabaya
2023-01-16,10.0,30.1,24.6,surabaya
2023-01-17,10.3,30.1,24.9,surabaya
2023-01-18,17.6,30.0,24.3,surabaya
2023-01-19,8.2,30.2,24.2,surabaya
2023-01-20,6.9,29.8,23.9,surabaya
2023-01-21,16.6,30.2,24.1,surabaya
2023-01-22,9.7,30.2,24.2,surabaya
2023-01-23,4.1,30.4,24.6,surabaya
2023-01-24,7.4,30.4,24.4,surabaya
2023-01-25,11.4,29.4,24.3,surabaya
2023-01-26,28.5,29.6,24.5,surabaya
2023-01-27,15.4,29.3,24.6,surabaya
2023-01-28,13.7,28.5,24.2,surabaya
2023-01-29,5.1,30.6,24.6,surabaya
2023-01-30,1.7,31.0,24.5,surabaya
2023-01-31,11.0,30.2,24.4,surabaya
2023-02-01,23.7,29.8,25.1,surabaya
2023-02-02,10.3,28.3,24.8,surabaya
2023-02-03,12.6,29.6,24.1,surabaya
2023-02-04,7.4,30.0,25.1,surabaya
2023-02-05,6.6,29.6,24.2,surabaya
2023-02-06,1.4,30.6,24.4,surabaya
2023-02-07,13.5,29.6,24.9,surabaya
2023-02-08,12.1,28.8,23.5,surabaya
2023-02-09,15.4,30.0,24.1,surabaya
2023-02-10,4.4,29.7,24.6,surabaya
2023-02-11,21.0,28.8,24.6,surabaya
2023-02-12,8.7,29.5,24.5,surabaya
2023-02-13,13.4,30.5,24.5,surabaya
2023-02-14,7.1,30.8,24.1,surabaya
2023-02-15,17.9,29.3,24.4,surabaya
2023-02-16,21.8,28.8,24.0,surabaya
2023-02-17,5.9,29.6,24.5,surabaya
2023-02-18,21.5,29.2,24.3,surabaya
2023-02-19,11.3,31.0,24.1,surabaya
2023-02-20,11.2,30.6,24.5,surabaya
2023-02-21,18.1,29.9,24.5,surabaya
2023-02-22,13.8,30.0,24.0,surabaya
2023-02-23,7.7,28.4,24.7,surabaya
2023-02-24,8.5,29.6,24.7,surabaya
2023-02-25,14.7,30.3,24.9,surabaya
2023-02-26,11.9,28.9,24.4,surabaya
2023-02-27,13.0,28.9,24.1,surabaya
2023-02-28,27.2,30.4,24.6,surabaya
2023-03-01,27.1,30.1,23.7,surabaya
2023-03-02,45.0,26.7,23.3,surabaya
2023-03-03,5.0,30.2,23.8,surabaya
2023-03-04,10.0,31.0,23.0,surabaya
2023-03-05,19.1,30.6,23.8,surabaya
2023-03-06,1.5,30.1,24.4,surabaya
2023-03-07,0.7,30.0,24.2,surabaya
2023-03-08,10.4,29.5,23.7,surabaya
2023-03-09,0.2,30.3,24.2,surabaya
2023-03-10,0.2,30.2,24.2,surabaya
2023-03-11,0.1,31.4,24.9,surabaya
2023-03-12,4.2,30.8,24.3,surabaya
2023-03-13,1.8,30.2,23.8,surabaya
2023-03-14,6.7,29.2,23.6,surabaya
2023-03-15,5.3,30.5,24.0,surabaya
2023-03-16,3.0,30.5,25.6,surabaya
2023-03-17,8.9,30.6,25.8,surabaya
2023-03-18,1.3,30.4,24.5,surabaya
2023-03-19,2.1,30.5,25.8,surabaya
2023-03-20,10.1,31.1,24.6,surabaya
2023-03-21,5.1,30.9,23.8,surabaya
2023-03-22,8.0,30.8,23.5,surabaya
2023-03-23,14.0,30.8,24.2,surabaya
2023-03-24,13.6,31.0,24.6,surabaya
2023-03-25,5.6,30.1,24.0,surabaya
2023-03-26,7.4,28.9,24.9,surabaya
2023-03-27,12.1,29.2,24.7,surabaya
2023-03-28,10.6,28.5,24.6,surabaya
2023-03-29,7.7,29.4,25.2,surabaya
2023-03-30,12.1,30.4,24.2,surabaya
2023-03-31,14.8,29.9,24.8,surabaya
2023-04-01,11.3,29.3,24.3,surabaya
2023-04-02,10.4,29.2,23.9,surabaya
2023-04-03,9.8,29.1,24.8,surabaya
2023-04-04,8.7,30.2,24.0,surabaya
2023-04-05,9.3,29.8,24.9,surabaya
2023-04-06,10.1,30.1,24.6,surabaya
2023-04-07,1.0,29.5,24.4,surabaya
2023-04-08,4.5,31.0,24.7,surabaya
2023-04-09,4.8,31.2,24.3,surabaya
2023-04-10,12.6,31.1,24.2,surabaya
2023-04-11,4.4,30.8,24.1,surabaya
2023-04-12,13.1,31.0,25.0,surabaya
2023-04-13,9.4,30.0,25.0,surabaya
2023-04-14,3.4,30.5,25.1,surabaya
2023-04-15,14.9,30.6,24.8,surabaya
2023-04-16,9.1,30.6,24.2,surabaya
2023-04-17,13.7,28.7,25.0,surabaya
2023-04-18,2.9,29.8,25.1,surabaya
2023-04-19,0.2,30.9,25.2,surabaya
2023-04-20,3.4,31.0,25.7,surabaya
2023-04-21,1.4,29.5,25.7,surabaya
2023-04-22,1.4,30.5,26.8,surabaya
2023-04-23,0.7,30.6,27.6,surabaya
2023-04-24,3.2,30.7,27.2,surabaya
2023-04-25,3.6,30.8,25.2,surabaya
2023-04-26,3.1,30.3,26.3,surabaya
2023-04-27,3.3,31.3,25.2,surabaya
2023-04-28,24.4,29.7,25.5,surabaya
2023-04-29,36.8,27.6,25.0,surabaya
2023-04-30,8.5,30.2,25.2,surabaya
2023-05-01,3.5,30.2,25.7,surabaya
2023-05-02,13.2,29.2,26.0,surabaya
2023-05-03,7.9,30.1,26.0,surabaya
2023-05-04,5.3,30.3,26.1,surabaya
2023-05-05,0.1,30.8,24.8,surabaya
2023-05-06,2.5,30.8,25.5,surabaya
2023-05-07,0.2,30.7,25.8,surabaya
2023-05-08,0.0,31.4,25.3,surabaya
2023-05-09,0.6,31.5,25.7,surabaya
2023-05-10,14.1,28.9,26.4,surabaya
2023-05-11,25.1,29.0,26.0,surabaya
2023-05-12,2.2,30.6,27.0,surabaya
2023-05-13,0.5,31.0,25.4,surabaya
2023-05-14,0.0,30.4,23.0,surabaya
2023-05-15,0.0,30.2,24.6,surabaya
2023-05-16,0.0,30.0,24.2,surabaya
2023-05-17,0.1,29.9,23.6,surabaya
2023-05-18,0.0,30.0,24.4,surabaya
2023-05-19,0.0,30.6,24.6,surabaya
2023-05-20,0.0,30.2,24.3,surabaya
2023-05-21,0.0,29.9,24.4,surabaya
2023-05-22,0.0,30.0,24.1,surabaya
2023-05-23,0.1,29.9,24.2,surabaya
2023-05-24,0.4,30.4,25.1,surabaya
2023-05-25,0.0,30.6,24.5,surabaya
2023-05-26,0.0,31.0,24.0,surabaya
2023-05-27,0.0,30.7,24.4,surabaya
2023-05-28,0.0,30.2,24.8,surabaya
2023-05-29,0.0,30.6,25.9,surabaya
2023-05-30,0.3,30.4,26.4,surabaya
2023-05-31,0.0,30.8,24.8,surabaya
2023-06-01,0.0,31.2,25.0,surabaya
2023-06-02,0.0,31.8,24.8,surabaya
2023-06-03,0.0,31.3,24.7,surabaya
2023-06-04,0.1,31.2,25.1,surabaya
2023-06-05,0.1,31.5,25.7,surabaya
2023-06-06,0.0,31.3,25.3,surabaya
2023-06-07,0.6,30.8,25.1,surabaya
2023-06-08,0.5,30.9,25.2,surabaya
2023-06-09,0.0,31.4,24.7,surabaya
2023-06-10,0.0,31.2,23.6,surabaya
2023-06-11,0.1,31.4,24.6,surabaya
2023-06-12,0.3,31.4,25.4,surabaya
2023-06-13,0.0,30.9,25.9,surabaya
2023-06-14,0.0,31.3,25.3,surabaya
2023-06-15,0.0,31.0,24.6,surabaya
2023-06-16,0.7,30.8,25.1,surabaya
2023-06-17,0.0,31.0,24.9,surabaya
2023-06-18,0.0,30.6,24.8,surabaya
2023-06-19,0.0,30.8,25.1,surabaya
2023-06-20,0.5,31.9,24.2,surabaya
2023-06-21,0.0,32.2,27.0,surabaya
2023-06-22,0.0,31.3,24.4,surabaya
2023-06-23,0.0,30.9,24.9,surabaya
2023-06-24,0.0,31.2,24.9,surabaya
2023-06-25,0.1,30.7,24.2,surabaya
2023-06-26,0.1,31.1,24.7,surabaya
2023-06-27,0.2,31.7,24.0,surabaya
2023-06-28,0.0,32.0,23.1,surabaya
2023-06-29,0.0,32.2,24.0,surabaya
2023-06-30,0.0,32.1,23.6,surabaya
2023-07-01,0.3,32.3,24.1,surabaya
2023-07-02,10.4,32.1,24.8,surabaya
2023-07-03,0.3,32.4,23.8,surabaya
2023-07-04,5.0,31.7,23.5,surabaya
2023-07-05,0.0,31.8,23.6,surabaya
2023-07-06,0.0,31.7,23.5,surabaya
2023-07-07,1.4,31.7,24.4,surabaya
2023-07-08,10.5,28.2,24.0,surabaya
2023-07-09,0.1,30.9,24.1,surabaya
2023-07-10,0.0,31.5,24.8,surabaya
2023-07-11,0.0,31.2,23.5,surabaya
2023-07-12,0.0,31.3,23.4,surabaya
2023-07-13,0.0,32.1,23.9,surabaya
2023-07-14,0.0,31.8,25.0,surabaya
2023-07-15,0.0,32.1,22.2,surabaya
2023-07-16,0.2,31.6,23.0,surabaya
2023-07-17,0.0,31.3,21.5,surabaya
2023-07-18,0.0,31.4,22.3,surabaya
2023-07-19,0.0,31.9,21.6,surabaya
2023-07-20,0.0,31.5,21.1,surabaya
2023-07-21,0.0,31.8,23.1,surabaya
2023-07-22,0.0,30.8,21.4,surabaya
2023-07-23,0.0,30.6,23.5,surabaya
2023-07-24,0.0,30.8,23.8,surabaya
2023-07-25,0.6,30.6,24.1,surabaya
2023-07-26,0.1,31.1,22.8,surabaya
2023-07-27,0.0,30.2,21.8,surabaya
2023-07-28,0.0,30.5,21.3,surabaya
2023-07-29,0.0,30.4,21.6,surabaya
2023-07-30,0.0,31.2,21.6,surabaya
2023-07-31,0.0,30.6,20.8,surabaya
2023-08-01,0.0,31.1,25.5,surabaya
2023-08-02,0.0,30.9,24.4,surabaya
2023-08-03,0.0,31.2,25.9,surabaya
2023-08-04,0.0,31.9,23.9,surabaya
2023-08-05,0.0,31.4,22.0,surabaya
2023-08-06,0.0,31.2,23.7,surabaya
2023-08-07,0.2,30.7,22.8,surabaya
2023-08-08,0.2,30.4,25.1,surabaya
2023-08-09,0.0,30.6,23.0,surabaya
2023-08-10,0.0,30.1,23.2,surabaya
2023-08-11,0.0,31.0,20.7,surabaya
2023-08-12,0.0,30.8,21.2,surabaya
2023-08-13,0.0,30.7,23.1,surabaya
2023-08-14,0.4,31.3,23.6,surabaya
2023-08-15,0.0,31.2,22.5,surabaya
2023-08-16,0.0,31.6,22.4,surabaya
2023-08-17,0.0,32.0,23.3,surabaya
2023-08-18,0.0,31.8,21.8,surabaya
2023-08-19,0.0,30.7,21.9,surabaya
2023-08-20,0.0,31.2,23.9,surabaya
2023-08-21,0.0,31.3,23.1,surabaya
2023-08-22,0.0,31.0,23.6,surabaya
2023-08-23,0.0,31.2,22.3,surabaya
2023-08-24,0.0,31.2,22.8,surabaya
2023-08-25,0.0,31.8,23.2,surabaya
2023-08-26,0.0,31.7,24.3,surabaya
2023-08-27,0.0,31.6,22.6,surabaya
2023-08-28,0.0,31.1,23.0,surabaya
2023-08-29,0.3,31.4,23.8,surabaya
2023-08-30,0.0,31.1,22.4,surabaya
2023-08-31,0.0,31.8,23.1,surabaya
2023-09-01,0.0,31.1,23.1,surabaya
2023-09-02,0.0,30.8,21.9,surabaya
2023-09-03,0.0,30.9,22.0,surabaya
2023-09-04,0.0,31.4,20.7,surabaya
2023-09-05,0.0,31.4,21.8,surabaya
2023-09-06,0.0,32.6,22.1,surabaya
2023-09-07,0.0,33.2,23.2,surabaya
2023-09-08,0.0,31.3,23.0,surabaya
2023-09-09,0.0,31.7,22.3,surabaya
2023-09-10,0.0,32.3,22.8,surabaya
2023-09-11,0.0,32.4,22.9,surabaya
2023-09-12,0.0,33.0,22.4,surabaya
2023-09-13,0.0,32.3,23.4,surabaya
2023-09-14,0.1,31.5,24.6,surabaya
2023-09-15,0.0,32.2,22.5,surabaya
2023-09-16,0.0,31.5,25.0,surabaya
2023-09-17,0.0,32.2,23.9,surabaya
2023-09-18,0.0,33.0,24.3,surabaya
2023-09-19,0.0,32.2,23.7,surabaya
2023-09-20,0.0,31.9,23.7,surabaya
2023-09-21,0.0,32.4,23.4,surabaya
2023-09-22,0.0,32.7,22.2,surabaya
2023-09-23,0.0,33.0,22.4,surabaya
2023-09-24,0.0,32.9,22.4,surabaya
2023-09-25,0.0,33.0,23.8,surabaya
2023-09-26,0.0,33.4,21.3,surabaya
2023-09-27,0.0,32.6,21.4,surabaya
2023-09-28,0.0,32.1,22.7,surabaya
2023-09-29,0.0,32.4,26.6,surabaya
2023-09-30,0.0,33.0,24.2,surabaya
2023-10-01,0.0,33.5,23.0,surabaya
2023-10-02,0.0,33.3,24.1,surabaya
2023-10-03,0.0,32.6,23.9,surabaya
2023-10-04,0.0,32.8,24.2,surabaya
2023-10-05,0.1,33.0,24.2,surabaya
2023-10-06,0.0,34.1,26.3,surabaya
2023-10-07,0.3,33.2,25.1,surabaya
2023-10-08,0.0,33.9,24.0,surabaya
2023-10-09,0.0,33.4,23.4,surabaya
2023-10-10,0.3,33.6,24.2,surabaya
2023-10-11,0.0,33.2,24.5,surabaya
2023-10-12,0.0,32.9,23.7,surabaya
2023-10-13,0.0,33.8,25.9,surabaya
2023-10-14,0.0,33.4,24.6,surabaya
2023-10-15,0.0,33.5,26.6,surabaya
2023-10-16,0.0,33.5,25.9,surabaya
2023-10-17,0.0,34.1,25.1,surabaya
2023-10-18,0.0,34.6,24.1,surabaya
2023-10-19,0.1,34.1,25.2,surabaya
2023-10-20,0.0,34.1,25.0,surabaya
2023-10-21,0.0,34.8,25.5,surabaya
2023-10-22,0.1,33.8,24.8,surabaya
2023-10-23,1.7,32.6,26.2,surabaya
2023-10-24,0.5,34.2,25.6,surabaya
2023-10-25,0.0,34.0,24.5,surabaya
2023-10-26,0.0,35.5,24.8,surabaya
2023-10-27,0.0,35.0,25.0,surabaya
2023-10-28,0.0,34.7,23.9,surabaya
2023-10-29,0.6,33.8,24.2,surabaya
2023-10-30,0.3,33.8,24.7,surabaya
2023-10-31,0.0,34.0,24.9,surabaya
2023-11-01,0.3,34.9,25.5,surabaya
2023-11-02,0.1,33.6,25.9,surabaya
2023-11-03,4.6,33.4,26.1,surabaya
2023-11-04,1.6,33.4,25.1,surabaya
2023-11-05,0.8,33.3,25.8,surabaya
2023-11-06,0.0,34.8,25.7,surabaya
2023-11-07,0.0,33.9,24.4,surabaya
2023-11-08,0.0,35.1,24.8,surabaya
2023-11-09,0.1,34.9,26.4,surabaya
2023-11-10,1.3,36.4,25.3,surabaya
2023-11-11,0.5,35.3,24.7,surabaya
2023-11-12,0.9,34.8,24.2,surabaya
2023-11-13,0.0,35.8,25.4,surabaya
2023-11-14,0.8,35.3,26.8,surabaya
2023-11-15,1.5,35.7,26.6,surabaya
2023-11-16,2.3,35.7,25.7,surabaya
2023-11-17,4.1,33.7,25.7,surabaya
2023-11-18,0.2,36.1,24.1,surabaya
2023-11-19,0.0,35.7,25.2,surabaya
2023-11-20,0.1,35.4,25.3,surabaya
2023-11-21,0.0,34.6,25.1,surabaya
2023-11-22,0.0,35.0,25.8,surabaya
2023-11-23,0.1,35.9,26.7,surabaya
2023-11-24,0.2,35.1,26.4,surabaya
2023-11-25,10.3,31.5,24.5,surabaya
2023-11-26,2.1,34.2,24.2,surabaya
2023-11-27,14.2,33.2,24.8,surabaya
2023-11-28,7.9,31.3,23.9,surabaya
2023-11-29,1.4,31.7,24.8,surabaya
2023-11-30,0.6,34.1,25.2,surabaya
2023-12-01,5.5,30.5,25.2,surabaya
2023-12-02,5.8,31.5,24.5,surabaya
2023-12-03,1.6,32.9,23.8,surabaya
2023-12-04,0.6,32.2,24.6,surabaya
2023-12-05,1.4,34.1,24.4,surabaya
2023-12-06,6.6,33.4,24.8,surabaya
2023-12-07,5.7,35.1,24.0,surabaya
2023-12-08,7.0,34.2,24.8,surabaya
2023-12-09,7.7,31.1,25.0,surabaya
2023-12-10,32.1,31.3,25.3,surabaya
2023-12-11,0.5,33.4,24.7,surabaya
2023-12-12,3.1,34.0,24.4,surabaya
2023-12-13,18.1,32.4,25.3,surabaya
2023-12-14,16.0,31.2,24.5,surabaya
2023-12-15,4.9,31.8,25.4,surabaya
2023-12-16,1.3,32.9,24.5,surabaya
2023-12-17,1.0,32.5,25.1,surabaya
2023-12-18,1.4,33.1,24.4,surabaya
2023-12-19,0.0,33.4,25.2,surabaya
2023-12-20,0.1,33.1,24.2,surabaya
2023-12-21,1.0,33.4,24.6,surabaya
2023-12-22,4.1,33.2,25.5,surabaya
2023-12-23,0.5,35.5,25.1,surabaya
2023-12-24,2.4,33.9,24.7,surabaya
2023-12-25,9.9,32.1,25.1,surabaya
2023-12-26,0.2,32.4,24.2,surabaya
2023-12-27,3.9,32.7,25.8,surabaya
2023-12-28,4.8,32.7,25.6,surabaya
2023-12-29,4.4,33.5,26.2,surabaya
2023-12-30,22.1,32.6,24.9,surabaya
2023-12-31,1.9,33.1,24.9,surabaya
2024-01-01,15.5,31.4,25.2,surabaya
2024-01-02,4.4,32.4,24.9,surabaya
2024-01-03,19.7,30.3,25.1,surabaya
2024-01-04,23.4,31.0,24.4,surabaya
2024-01-05,1.7,30.4,23.8,surabaya
2024-01-06,24.2,29.5,25.8,surabaya
2024-01-07,15.2,29.7,25.2,surabaya
2024-01-08,7.3,31.5,24.5,surabaya
2024-01-09,9.5,31.9,24.5,surabaya
2024-01-10,16.4,32.2,24.7,surabaya
2024-01-11,11.9,33.2,24.8,surabaya
2024-01-12,0.1,32.6,24.7,surabaya
2024-01-13,0.1,33.4,24.0,surabaya
2024-01-14,0.7,32.9,25.2,surabaya
2024-01-15,16.8,32.8,25.2,surabaya
2024-01-16,13.0,31.8,25.1,surabaya
2024-01-17,6.1,30.0,24.2,surabaya
2024-01-18,12.8,32.4,24.4,surabaya
2024-01-19,8.4,30.9,24.4,surabaya
2024-01-20,1.5,32.2,24.1,surabaya
2024-01-21,1.5,33.6,24.9,surabaya
2024-01-22,6.7,31.1,25.1,surabaya
2024-01-23,1.0,32.7,25.1,surabaya
2024-01-24,27.1,32.0,24.6,surabaya
2024-01-25,4.9,31.4,24.4,surabaya
2024-01-26,19.3,31.6,24.2,surabaya
2024-01-27,7.2,31.6,24.5,surabaya
2024-01-28,5.8,31.9,24.0,surabaya
2024-01-29,22.8,32.1,24.2,surabaya
2024-01-30,17.3,30.3,23.7,surabaya
2024-01-31,17.2,32.0,24.3,surabaya
2024-02-01,15.4,31.6,25.0,surabaya
2024-02-02,11.6,31.2,24.0,surabaya
2024-02-03,10.4,29.8,24.8,surabaya
2024-02-04,30.7,31.3,24.7,surabaya
2024-02-05,15.0,31.6,24.2,surabaya
2024-02-06,25.8,31.1,24.0,surabaya
2024-02-07,4.6,30.1,24.5,surabaya
2024-02-08,10.0,31.5,23.9,surabaya
2024-02-09,14.4,32.2,24.3,surabaya
2024-02-10,30.4,30.4,24.1,surabaya
2024-02-11,12.9,31.4,24.4,surabaya
2024-02-12,10.2,32.4,24.5,surabaya
2024-02-13,14.2,31.2,24.3,surabaya
2024-02-14,21.0,30.5,24.9,surabaya
2024-02-15,5.8,30.9,25.4,surabaya
2024-02-16,5.0,32.5,25.4,surabaya
2024-02-17,8.5,31.2,24.7,surabaya
2024-02-18,2.6,31.5,24.3,surabaya
2024-02-19,6.1,31.5,24.6,surabaya
2024-02-20,7.2,32.1,25.4,surabaya
2024-02-21,14.6,32.6,24.7,surabaya
2024-02-22,5.2,32.7,25.0,surabaya
2024-02-23,21.0,30.5,24.7,surabaya
2024-02-24,26.0,30.3,24.8,surabaya
2024-02-25,17.3,29.5,25.3,surabaya
2024-02-26,10.3,31.5,24.9,surabaya
2024-02-27,5.5,30.7,25.3,surabaya
2024-02-28,16.4,30.1,25.1,surabaya
2024-02-29,13.4,31.2,25.3,surabaya
2024-03-01,14.1,31.8,25.2,surabaya
2024-03-02,8.7,30.9,24.8,surabaya
2024-03-03,8.9,32.1,25.4,surabaya
2024-03-04,8.3,30.9,25.0,surabaya
2024-03-05,33.8,31.4,25.3,surabaya
2024-03-06,6.4,31.6,24.7,surabaya
2024-03-07,29.4,31.3,24.7,surabaya
2024-03-08,22.2,31.4,25.2,surabaya
2024-03-09,8.7,28.8,25.0,surabaya
2024-03-10,0.2,29.4,24.6,surabaya
2024-03-11,5.5,30.6,25.0,surabaya
2024-03-12,12.2,29.2,24.2,surabaya
2024-03-13,8.2,28.9,25.2,surabaya
2024-03-14,9.8,28.8,24.6,surabaya
2024-03-15,21.4,30.4,24.6,surabaya
2024-03-16,3.3,30.5,24.7,surabaya
2024-03-17,4.6,30.5,24.3,surabaya
2024-03-18,0.9,31.0,24.9,surabaya
2024-03-19,1.9,33.0,24.3,surabaya
2024-03-20,3.1,32.2,22.6,surabaya
2024-03-21,8.1,32.0,23.8,surabaya
2024-03-22,1.4,31.1,23.7,surabaya
2024-03-23,0.4,31.4,25.0,surabaya
2024-03-24,0.8,31.9,25.1,surabaya
2024-03-25,0.7,32.0,25.0,surabaya
2024-03-26,0.0,31.6,25.1,surabaya
2024-03-27,0.0,32.6,24.8,surabaya
2024-03-28,14.1,31.5,25.0,surabaya
2024-03-29,0.5,30.7,24.5,surabaya
2024-03-30,0.7,31.8,26.4,surabaya
2024-03-31,1.1,33.0,25.5,surabaya
2024-04-01,2.8,32.4,25.6,surabaya
2024-04-02,5.7,30.9,25.1,surabaya
2024-04-03,0.8,32.7,25.4,surabaya
2024-04-04,7.3,32.5,25.1,surabaya
2024-04-05,11.8,31.8,24.8,surabaya
2024-04-06,0.2,33.8,24.6,surabaya
2024-04-07,8.7,31.6,25.6,surabaya
2024-04-08,11.6,32.2,25.2,surabaya
2024-04-09,19.5,30.2,24.7,surabaya
2024-04-10,11.3,30.3,24.7,surabaya
2024-04-11,11.4,29.6,25.1,surabaya
2024-04-12,4.7,31.1,25.1,surabaya
2024-04-13,3.4,31.4,25.9,surabaya
2024-04-14,2.2,31.2,26.2,surabaya
2024-04-15,4.1,31.2,25.5,surabaya
2024-04-16,0.3,31.6,26.3,surabaya
2024-04-17,20.5,30.6,25.9,surabaya
2024-04-18,4.8,30.3,25.5,surabaya
2024-04-19,1.5,31.3,25.0,surabaya
2024-04-20,1.6,31.9,25.5,surabaya
2024-04-21,8.1,31.2,26.1,surabaya
2024-04-22,1.7,31.0,24.7,surabaya
2024-04-23,33.8,29.8,25.4,surabaya
2024-04-24,32.4,29.2,25.4,surabaya
2024-04-25,10.8,28.5,25.8,surabaya
2024-04-26,3.5,30.5,26.4,surabaya
2024-04-27,0.4,31.4,27.5,surabaya
2024-04-28,0.4,31.7,26.7,surabaya
2024-04-29,0.1,31.1,25.6,surabaya
2024-04-30,0.0,31.5,26.1,surabaya
2024-05-01,0.0,31.1,25.5,surabaya
2024-05-02,0.0,31.8,25.5,surabaya
2024-05-03,0.0,31.9,24.4,surabaya
2024-05-04,0.4,31.7,25.6,surabaya
2024-05-05,0.0,31.9,23.7,surabaya
2024-05-06,0.0,31.8,23.3,surabaya
2024-05-07,0.1,31.9,24.0,surabaya
2024-05-08,0.0,31.8,25.5,surabaya
2024-05-09,0.0,32.0,25.3,surabaya
2024-05-10,0.1,31.8,26.6,surabaya
2024-05-11,0.8,32.2,27.5,surabaya
2024-05-12,0.1,32.7,26.3,surabaya
2024-05-13,0.0,32.3,24.2,surabaya
2024-05-14,0.6,31.9,25.7,surabaya
2024-05-15,0.0,32.1,24.5,surabaya
2024-05-16,0.0,32.1,24.1,surabaya
2024-05-17,0.0,31.8,24.7,surabaya
2024-05-18,0.0,31.9,24.8,surabaya
2024-05-19,0.0,32.2,24.8,surabaya
2024-05-20,0.0,32.1,24.4,surabaya
2024-05-21,0.0,31.9,24.1,surabaya
2024-05-22,0.1,31.9,25.0,surabaya
2024-05-23,0.0,32.2,25.5,surabaya
2024-05-24,0.9,32.3,26.3,surabaya
2024-05-25,0.2,32.8,25.5,surabaya
2024-05-26,0.0,32.7,24.6,surabaya
2024-05-27,0.0,31.8,24.5,surabaya
2024-05-28,0.7,32.0,25.9,surabaya
2024-05-29,1.2,31.9,27.7,surabaya
2024-05-30,0.5,32.8,25.2,surabaya
2024-05-31,0.0,33.0,25.3,surabaya
2024-06-01,0.0,33.0,25.9,surabaya
2024-06-02,7.9,33.2,25.3,surabaya
2024-06-03,1.2,34.0,25.2,surabaya
2024-06-04,0.0,32.7,25.0,surabaya
2024-06-05,0.0,32.9,24.4,surabaya
2024-06-06,0.0,32.3,23.7,surabaya
2024-06-07,1.2,31.9,24.2,surabaya
2024-06-08,0.8,31.2,25.2,surabaya
2024-06-09,2.3,31.0,25.3,surabaya
2024-06-10,0.9,31.6,25.5,surabaya
2024-06-11,0.6,31.8,26.9,surabaya
2024-06-12,2.8,32.0,25.5,surabaya
2024-06-13,3.0,31.2,24.2,surabaya
2024-06-14,4.8,31.3,25.2,surabaya
2024-06-15,2.1,30.8,24.9,surabaya
2024-06-16,0.2,31.0,23.5,surabaya
2024-06-17,0.5,31.7,24.8,surabaya
2024-06-18,0.0,31.2,27.0,surabaya
2024-06-19,0.0,31.1,22.7,surabaya
2024-06-20,0.0,31.3,22.9,surabaya
2024-06-21,0.0,31.4,22.3,surabaya
2024-06-22,0.0,32.2,22.0,surabaya
2024-06-23,0.0,31.9,23.0,surabaya
2024-06-24,1.6,31.0,24.6,surabaya
2024-06-25,0.1,31.5,24.3,surabaya
2024-06-26,0.2,31.6,24.7,surabaya
2024-06-27,1.4,31.2,27.2,surabaya
2024-06-28,1.6,31.4,25.1,surabaya
2024-06-29,0.6,32.0,25.3,surabaya
2024-06-30,0.0,32.6,23.9,surabaya
2024-07-01,0.0,32.1,24.7,surabaya
2024-07-02,3.9,31.9,23.7,surabaya
2024-07-03,0.3,30.6,24.2,surabaya
2024-07-04,2.0,30.8,24.6,surabaya
2024-07-05,0.1,30.6,23.7,surabaya
2024-07-06,0.1,30.9,24.6,surabaya
2024-07-07,0.8,31.2,24.1,surabaya
2024-07-08,0.0,31.3,25.4,surabaya
2024-07-09,0.0,31.5,23.5,surabaya
2024-07-10,0.0,31.8,23.4,surabaya
2024-07-11,0.0,32.4,22.0,surabaya
2024-07-12,0.0,31.7,22.2,surabaya
2024-07-13,0.0,30.8,21.7,surabaya
2024-07-14,0.0,30.7,19.8,surabaya
2024-07-15,0.0,31.4,21.5,surabaya
2024-07-16,0.0,31.4,21.8,surabaya
2024-07-17,0.0,31.1,22.9,surabaya
2024-07-18,0.0,30.6,23.1,surabaya
2024-07-19,0.0,31.8,24.2,surabaya
2024-07-20,0.0,31.0,23.0,surabaya
2024-07-21,0.0,31.4,23.1,surabaya
2024-07-22,0.0,31.3,22.0,surabaya
2024-07-23,0.1,31.9,21.9,surabaya
2024-07-24,0.0,32.3,23.2,surabaya
2024-07-25,0.0,31.6,22.9,surabaya
2024-07-26,0.0,31.9,23.1,surabaya
2024-07-27,0.0,31.9,22.8,surabaya
2024-07-28,0.0,32.6,22.6,surabaya
2024-07-29,0.0,31.9,21.1,surabaya
2024-07-30,0.0,32.4,22.7,surabaya
2024-07-31,0.2,32.0,24.2,surabaya
2024-08-01,1.4,31.4,26.2,surabaya
2024-08-02,2.2,31.1,25.0,surabaya
2024-08-03,0.1,31.7,24.2,surabaya
2024-08-04,0.0,32.2,23.8,surabaya
2024-08-05,0.0,32.5,21.8,surabaya
2024-08-06,0.0,32.3,22.7,surabaya
2024-08-07,0.0,32.0,22.9,surabaya
2024-08-08,0.0,31.9,24.3,surabaya
2024-08-09,0.0,32.1,23.9,surabaya
2024-08-10,0.0,31.9,24.3,surabaya
2024-08-11,0.0,32.0,21.8,surabaya
2024-08-12,0.0,30.8,20.7,surabaya
2024-08-13,0.0,32.5,21.9,surabaya
2024-08-14,0.0,31.7,22.2,surabaya
2024-08-15,0.0,31.7,22.3,surabaya
2024-08-16,0.0,31.4,21.0,surabaya
2024-08-17,0.0,31.5,22.5,surabaya
2024-08-18,0.0,31.7,22.9,surabaya
2024-08-19,0.0,32.0,21.1,surabaya
2024-08-20,0.0,31.5,21.7,surabaya
2024-08-21,0.0,32.0,22.5,surabaya
2024-08-22,0.0,33.0,22.6,surabaya
2024-08-23,0.0,32.5,23.1,surabaya
2024-08-24,0.0,32.7,22.0,surabaya
2024-08-25,0.0,32.9,22.7,surabaya
2024-08-26,0.0,33.6,22.9,surabaya
2024-08-27,0.0,33.6,21.6,surabaya
2024-08-28,0.0,32.3,21.8,surabaya
2024-08-29,0.0,32.7,22.3,surabaya
2024-08-30,0.0,32.7,21.6,surabaya
2024-08-31,0.0,33.0,23.4,surabaya
2024-09-01,0.0,32.9,24.2,surabaya
2024-09-02,0.0,31.8,23.9,surabaya
2024-09-03,0.0,32.6,23.4,surabaya
2024-09-04,0.0,32.6,23.7,surabaya
2024-09-05,0.0,33.6,23.7,surabaya
2024-09-06,0.0,32.7,23.7,surabaya
2024-09-07,0.0,32.9,23.1,surabaya
2024-09-08,0.0,32.2,24.9,surabaya
2024-09-09,0.0,33.5,24.1,surabaya
2024-09-10,1.0,32.2,24.5,surabaya
2024-09-11,0.1,33.3,24.5,surabaya
2024-09-12,0.0,32.8,23.5,surabaya
2024-09-13,0.0,33.7,22.7,surabaya
2024-09-14,0.0,33.2,22.6,surabaya
2024-09-15,0.0,33.1,23.2,surabaya
2024-09-16,0.0,33.0,23.7,surabaya
2024-09-17,0.0,33.6,22.5,surabaya
2024-09-18,0.0,33.4,22.1,surabaya
2024-09-19,0.0,34.5,22.1,surabaya
2024-09-20,0.0,32.2,25.8,surabaya
2024-09-21,0.0,32.6,26.4,surabaya
2024-09-22,0.7,32.2,26.4,surabaya
2024-09-23,2.2,31.9,25.8,surabaya
2024-09-24,1.3,32.5,25.9,surabaya
2024-09-25,0.8,33.8,24.7,surabaya
2024-09-26,5.1,33.5,24.8,surabaya
2024-09-27,0.2,34.3,23.9,surabaya
2024-09-28,0.0,33.3,27.0,surabaya
2024-09-29,0.0,34.3,24.8,surabaya
2024-09-30,0.0,34.5,24.0,surabaya
2024-10-01,0.0,34.2,24.2,surabaya
2024-10-02,0.0,33.9,24.2,surabaya
2024-10-03,0.0,33.4,25.9,surabaya
2024-10-04,0.1,34.0,24.9,surabaya
2024-10-05,2.8,34.1,24.8,surabaya
2024-10-06,0.1,33.6,24.4,surabaya
2024-10-07,0.0,33.9,23.3,surabaya
2024-10-08,0.0,33.4,24.6,surabaya
2024-10-09,0.0,33.8,25.6,surabaya
2024-10-10,0.0,34.2,24.8,surabaya
2024-10-11,0.0,33.6,25.3,surabaya
2024-10-12,0.0,34.2,26.0,surabaya
2024-10-13,0.0,34.7,26.0,surabaya
2024-10-14,0.0,35.0,25.0,surabaya
2024-10-15,0.1,35.0,25.8,surabaya
2024-10-16,0.0,34.6,23.4,surabaya
2024-10-17,0.0,34.8,24.3,surabaya
2024-10-18,0.0,33.6,24.8,surabaya
2024-10-19,2.7,34.1,25.2,surabaya
2024-10-20,9.2,32.6,24.4,surabaya
2024-10-21,1.6,33.1,24.7,surabaya
2024-10-22,0.4,33.9,24.8,surabaya
2024-10-23,0.2,34.0,24.2,surabaya
2024-10-24,1.3,33.8,25.0,surabaya
2024-10-25,0.1,35.6,23.6,surabaya
2024-10-26,0.0,34.6,25.2,surabaya
2024-10-27,0.0,35.5,23.9,surabaya
2024-10-28,0.0,35.4,24.8,surabaya
2024-10-29,0.0,34.8,25.3,surabaya
2024-10-30,0.0,34.6,24.9,surabaya
2024-10-31,0.9,34.4,26.0,surabaya
2024-11-01,9.6,29.6,25.1,surabaya
2024-11-02,12.0,31.0,24.9,surabaya
2024-11-03,23.7,31.2,24.8,surabaya
2024-11-04,15.0,30.6,25.3,surabaya
2024-11-05,0.1,31.8,26.2,surabaya
2024-11-06,0.5,32.7,24.8,surabaya
2024-11-07,0.2,32.8,23.6,surabaya
2024-11-08,4.2,32.4,25.7,surabaya
2024-11-09,3.3,33.4,25.6,surabaya
2024-11-10,6.0,32.4,25.0,surabaya
2024-11-11,15.6,32.3,24.9,surabaya
2024-11-12,0.9,32.2,23.8,surabaya
2024-11-13,0.4,32.8,26.2,surabaya
2024-11-14,2.4,33.5,27.2,surabaya
2024-11-15,2.3,34.4,27.4,surabaya
2024-11-16,1.7,33.1,27.3,surabaya
2024-11-17,23.4,33.5,25.4,surabaya
2024-11-18,12.6,32.3,24.5,surabaya
2024-11-19,7.4,31.3,25.5,surabaya
2024-11-20,3.6,31.7,25.5,surabaya
2024-11-21,9.7,32.2,25.4,surabaya
2024-11-22,12.8,31.1,25.3,surabaya
2024-11-23,4.5,33.5,26.1,surabaya
2024-11-24,15.6,30.8,25.6,surabaya
2024-11-25,4.1,32.3,25.9,surabaya
2024-11-26,6.6,32.0,24.6,surabaya
2024-11-27,13.9,31.7,25.3,surabaya
2024-11-28,33.2,31.9,25.0,surabaya
2024-11-29,8.7,31.0,25.0,surabaya
2024-11-30,30.3,31.3,26.0,surabaya
2024-12-01,17.8,31.1,26.0,surabaya
2024-12-02,8.2,30.3,25.1,surabaya
2024-12-03,6.0,32.5,24.9,surabaya
2024-12-04,7.1,31.1,25.1,surabaya
2024-12-05,9.0,31.5,25.0,surabaya
2024-12-06,24.3,27.3,24.8,surabaya
2024-12-07,3.3,31.7,24.2,surabaya
2024-12-08,12.6,31.1,25.4,surabaya
2024-12-09,13.6,31.1,25.8,surabaya
2024-12-10,27.4,31.9,25.1,surabaya
2024-12-11,12.7,30.9,24.9,surabaya
2024-12-12,5.1,30.8,25.2,surabaya
2024-12-13,8.9,31.1,24.8,surabaya
2024-12-14,34.0,28.6,24.1,surabaya
2024-12-15,32.8,30.9,24.9,surabaya
2024-12-16,15.1,28.2,24.7,surabaya
2024-12-17,12.7,30.6,24.9,surabaya
2024-12-18,7.1,31.1,24.6,surabaya
2024-12-19,5.3,32.4,25.0,surabaya
2024-12-20,4.3,31.6,26.1,surabaya
2024-12-21,5.1,30.5,26.0,surabaya
2024-12-22,17.4,30.3,25.2,surabaya
2024-12-23,17.0,31.4,24.9,surabaya
2024-12-24,26.4,31.8,24.1,surabaya
2024-12-25,17.7,31.4,25.2,surabaya
2024-12-26,33.7,31.3,24.8,surabaya
2024-12-27,7.7,31.1,25.8,surabaya
2024-12-28,7.3,30.5,25.7,surabaya
2024-12-29,4.0,29.0,25.4,surabaya
2024-12-30,7.3,32.1,25.1,surabaya
2024-12-31,15.1,31.0,25.2,surabaya
2025-01-01,46.7,27.9,24.4,surabaya
2025-01-02,15.0,29.4,24.4,surabaya
2025-01-03,1.6,31.6,24.1,surabaya
2025-01-04,9.0,30.5,24.8,surabaya
2025-01-05,17.4,30.1,24.4,surabaya
2025-01-06,14.4,30.8,24.3,surabaya
2025-01-07,10.5,29.6,24.7,surabaya
2025-01-08,6.7,29.4,24.6,surabaya
2025-01-09,9.1,31.7,24.8,surabaya
2025-01-10,4.0,31.0,25.1,surabaya
2025-01-11,17.7,30.9,25.0,surabaya
2025-01-12,21.6,30.9,24.9,surabaya
2025-01-13,10.4,30.2,24.8,surabaya
2025-01-14,18.2,30.6,24.3,surabaya
2025-01-15,9.1,30.4,23.7,surabaya
2025-01-16,13.2,30.8,24.2,surabaya
2025-01-17,9.6,30.9,25.3,surabaya
2025-01-18,2.3,30.2,25.2,surabaya
2025-01-19,12.3,31.8,25.3,surabaya
2025-01-20,18.0,30.4,25.2,surabaya
2025-01-21,12.5,30.2,24.6,surabaya
2025-01-22,9.6,29.9,24.4,surabaya
2025-01-23,5.0,28.8,24.8,surabaya
2025-01-24,4.8,30.1,23.8,surabaya
2025-01-25,10.6,31.1,24.5,surabaya
2025-01-26,26.2,30.9,24.4,surabaya
2025-01-27,14.2,29.0,24.4,surabaya
2025-01-28,6.6,30.1,24.5,surabaya
2025-01-29,12.6,29.1,24.6,surabaya
2025-01-30,7.5,27.7,24.4,surabaya
2025-01-31,1.8,28.9,24.3,surabaya
2025-02-01,1.7,29.6,24.9,surabaya
2025-02-02,4.4,30.0,24.5,surabaya
2025-02-03,3.0,30.7,24.7,surabaya
2025-02-04,10.2,30.7,25.4,surabaya
2025-02-05,10.4,30.8,23.4,surabaya
2025-02-06,6.8,29.7,24.7,surabaya
2025-02-07,3.2,31.1,25.1,surabaya
2025-02-08,9.3,31.0,24.9,surabaya
2025-02-09,12.0,30.8,25.2,surabaya
2025-02-10,9.2,30.6,25.1,surabaya
2025-02-11,3.8,31.3,25.2,surabaya
2025-02-12,0.6,32.5,25.4,surabaya
2025-02-13,8.8,32.2,25.3,surabaya
2025-02-14,9.2,31.3,24.8,surabaya
2025-02-15,10.2,30.9,24.3,surabaya
2025-02-16,6.7,32.5,24.2,surabaya
2025-02-17,17.0,30.2,23.3,surabaya
2025-02-18,16.6,30.6,24.3,surabaya
2025-02-19,7.2,31.2,24.1,surabaya
2025-02-20,7.5,30.8,24.6,surabaya
2025-02-21,2.6,31.0,25.1,surabaya
2025-02-22,16.3,30.3,24.6,surabaya
2025-02-23,28.3,28.5,24.0,surabaya
2025-02-24,35.4,30.0,23.9,surabaya
2025-02-25,8.3,29.2,23.7,surabaya
2025-02-26,18.1,29.1,23.8,surabaya
2025-02-27,2.0,30.7,24.4,surabaya
2025-02-28,8.0,31.0,24.8,surabaya
2025-03-01,0.1,31.4,23.9,surabaya
2025-03-02,0.2,32.1,25.3,surabaya
2025-03-03,0.1,31.6,25.6,surabaya
2025-03-04,1.6,31.3,26.3,surabaya
2025-03-05,0.8,31.9,26.4,surabaya
2025-03-06,8.7,32.7,25.3,surabaya
2025-03-07,7.5,31.6,24.6,surabaya
2025-03-08,25.9,31.6,24.8,surabaya
2025-03-09,20.1,29.3,25.0,surabaya
2025-03-10,30.8,29.3,24.4,surabaya
2025-03-11,0.1,31.8,24.9,surabaya
2025-03-12,8.6,32.2,25.7,surabaya
2025-03-13,9.4,30.9,25.2,surabaya
2025-03-14,7.2,29.7,25.5,surabaya
2025-03-15,9.8,29.7,24.5,surabaya
2025-03-16,11.7,30.9,24.4,surabaya
2025-03-17,19.8,30.0,24.5,surabaya
2025-03-18,6.3,31.2,25.2,surabaya
2025-03-19,10.8,30.9,24.2,surabaya
2025-03-20,1.5,32.2,24.8,surabaya
2025-03-21,1.9,32.3,25.5,surabaya
2025-03-22,8.4,30.4,25.5,surabaya
2025-03-23,0.5,31.5,24.5,surabaya
2025-03-24,3.8,29.7,25.5,surabaya
2025-03-25,2.5,31.1,25.5,surabaya
2025-03-26,13.5,32.5,25.4,surabaya
2025-03-27,5.4,30.8,25.2,surabaya
2025-03-28,16.4,30.5,24.6,surabaya
2025-03-29,23.0,31.0,24.5,surabaya
2025-03-30,3.6,31.0,24.7,surabaya
2025-03-31,3.0,31.4,25.3,surabaya
2025-04-01,15.7,31.2,24.3,surabaya
2025-04-02,4.7,30.5,23.9,surabaya
2025-04-03,11.6,30.7,24.1,surabaya
2025-04-04,2.1,30.1,23.9,surabaya
2025-04-05,3.4,29.6,24.2,surabaya
2025-04-06,0.0,30.3,24.8,surabaya
2025-04-07,0.0,30.8,25.9,surabaya
2025-04-08,1.6,31.8,24.9,surabaya
2025-04-09,3.8,31.8,25.0,surabaya
2025-04-10,11.3,29.9,26.1,surabaya
2025-04-11,3.2,31.3,25.5,surabaya
2025-04-12,1.7,31.0,26.3,surabaya
2025-04-13,1.0,31.9,24.6,surabaya
2025-04-14,5.3,30.9,25.3,surabaya
2025-04-15,2.8,31.3,25.1,surabaya
2025-04-16,5.9,31.8,25.5,surabaya
2025-04-17,5.9,30.3,25.3,surabaya
2025-04-18,10.8,29.4,25.1,surabaya
2025-04-19,8.2,31.1,25.1,surabaya
2025-04-20,9.0,31.1,24.3,surabaya
2025-04-21,6.8,31.0,25.1,surabaya
2025-04-22,2.8,31.1,24.4,surabaya
2025-04-23,0.1,31.3,24.5,surabaya
2025-04-24,0.2,31.8,25.6,surabaya
2025-04-25,0.2,32.0,24.8,surabaya
2025-04-26,1.8,31.1,24.2,surabaya
2025-04-27,2.4,31.8,24.3,surabaya
2025-04-28,1.0,32.9,24.4,surabaya
2025-04-29,0.0,33.0,24.7,surabaya
2025-04-30,0.0,33.1,24.7,surabaya
2025-05-01,3.3,32.7,25.6,surabaya
2025-05-02,14.7,29.0,26.6,surabaya
2025-05-03,0.5,32.7,26.7,surabaya
2025-05-04,2.1,31.5,26.9,surabaya
2025-05-05,0.1,33.1,26.8,surabaya
2025-05-06,0.7,33.1,26.2,surabaya
2025-05-07,6.9,32.4,25.7,surabaya
2025-05-08,9.0,30.6,26.1,surabaya
2025-05-09,19.2,29.8,25.3,surabaya
2025-05-10,9.5,29.4,24.7,surabaya
2025-05-11,23.8,30.8,23.9,surabaya
2025-05-12,11.9,29.8,25.4,surabaya
2025-05-13,14.5,28.1,25.2,surabaya
2025-05-14,3.0,29.1,25.8,surabaya
2025-05-15,18.7,29.3,25.1,surabaya
2025-05-16,17.6,29.0,25.0,surabaya
2025-05-17,14.0,29.2,24.7,surabaya
2025-05-18,4.9,29.7,25.3,surabaya
2025-05-19,13.6,29.8,25.2,surabaya
2025-05-20,0.4,29.9,23.7,surabaya
2025-05-21,0.5,30.3,25.7,surabaya
2025-05-22,12.1,30.1,24.5,surabaya
2025-05-23,25.5,28.0,24.5,surabaya
2025-05-24,3.0,29.0,25.2,surabaya
2025-05-25,1.6,29.8,26.0,surabaya
2025-05-26,18.9,30.1,24.9,surabaya
2025-05-27,0.0,30.0,25.4,surabaya
2025-05-28,1.1,29.8,26.7,surabaya
2025-05-29,0.4,30.6,25.9,surabaya
2025-05-30,0.8,31.2,25.7,surabaya
2025-05-31,21.9,31.0,24.6,surabaya
2025-06-01,6.6,30.0,24.5,surabaya
2025-06-02,2.8,30.7,25.3,surabaya
2025-06-03,0.6,30.9,26.9,surabaya
2025-06-04,1.3,30.6,26.5,surabaya
2025-06-05,0.1,31.9,24.9,surabaya
2025-06-06,0.4,32.0,24.8,surabaya
2025-06-07,0.1,32.1,25.8,surabaya
2025-06-08,10.0,31.5,25.2,surabaya
2025-06-09,4.3,31.0,24.2,surabaya
2025-06-10,1.3,31.1,25.3,surabaya
2025-06-11,0.3,31.2,25.3,surabaya
2025-06-12,0.0,31.7,24.6,surabaya
2025-06-13,1.4,30.6,25.6,surabaya
2025-06-14,12.1,30.2,25.9,surabaya
2025-06-15,0.9,30.1,26.4,surabaya
2025-06-16,3.7,29.8,24.3,surabaya
2025-06-17,1.9,30.5,24.7,surabaya
2025-06-18,0.1,31.2,24.2,surabaya
2025-06-19,0.1,30.9,24.3,surabaya
2025-06-20,0.7,27.8,24.7,surabaya
2025-06-21,1.0,31.2,25.4,surabaya
2025-06-22,13.0,29.5,24.7,surabaya
2025-06-23,0.2,31.4,26.3,surabaya
2025-06-24,0.0,31.0,24.5,surabaya
2025-06-25,0.2,32.3,25.2,surabaya
2025-06-26,1.1,30.8,25.8,surabaya
2025-06-27,0.4,31.3,26.5,surabaya
2025-06-28,9.1,31.6,24.3,surabaya
2025-06-29,0.1,30.0,24.9,surabaya
2025-06-30,0.3,29.9,24.7,surabaya
2025-07-01,0.0,30.9,26.5,surabaya
2025-07-02,0.4,32.0,25.2,surabaya
2025-07-03,1.5,31.7,24.5,surabaya
2025-07-04,0.1,32.7,24.6,surabaya
2025-07-05,0.1,30.6,25.1,surabaya
2025-07-06,2.3,29.6,24.9,surabaya
2025-07-07,1.7,30.4,23.9,surabaya
2025-07-08,0.0,30.2,24.3,surabaya
2025-07-09,0.0,31.8,23.0,surabaya
2025-07-10,0.0,30.8,22.2,surabaya
2025-07-11,0.0,30.0,22.8,surabaya
2025-07-12,0.8,29.8,23.9,surabaya
2025-07-13,0.2,30.8,27.5,surabaya
2025-07-14,0.0,31.9,24.4,surabaya
2025-07-15,0.9,31.1,23.6,surabaya
2025-07-16,0.0,31.8,25.2,surabaya
2025-07-17,0.0,31.5,24.1,surabaya
2025-07-18,0.0,31.1,23.5,surabaya
2025-07-19,0.0,30.4,22.9,surabaya
2025-07-20,0.0,30.3,23.5,surabaya
2025-07-21,0.0,30.6,22.7,surabaya
2025-07-22,0.0,30.7,22.5,surabaya
2025-07-23,0.3,30.9,24.2,surabaya
2025-07-24,0.0,31.8,25.2,surabaya
2025-07-25,0.0,31.6,25.1,surabaya
2025-07-26,0.6,32.0,25.4,surabaya
2025-07-27,1.6,31.4,26.0,surabaya
2025-07-28,0.0,31.2,24.8,surabaya
2025-07-29,0.1,31.6,25.7,surabaya
2025-07-30,0.0,31.5,25.0,surabaya
2025-07-31,0.0,31.7,24.1,surabaya
2025-08-01,0.0,31.6,24.0,surabaya
2025-08-02,0.0,32.0,25.2,surabaya
2025-08-03,0.4,32.1,27.2,surabaya
2025-08-04,2.9,31.9,24.8,surabaya
2025-08-05,0.2,32.0,24.5,surabaya
2025-08-06,0.0,31.7,24.5,surabaya
2025-08-07,0.0,31.0,25.3,surabaya
2025-08-08,0.5,30.8,25.8,surabaya
2025-08-09,0.0,31.9,25.0,surabaya
2025-08-10,0.4,31.3,26.5,surabaya
2025-08-11,0.1,32.3,24.9,surabaya
2025-08-12,0.3,31.6,24.7,surabaya
2025-08-13,0.5,30.8,24.6,surabaya
2025-08-14,0.0,31.6,24.2,surabaya
2025-08-15,0.0,31.7,23.7,surabaya
2025-08-16,0.0,31.0,24.0,surabaya
2025-08-17,0.0,31.1,25.5,surabaya
2025-08-18,3.5,30.6,26.3,surabaya
2025-08-19,21.8,29.2,23.8,surabaya
2025-08-20,2.1,30.0,23.7,surabaya
2025-08-21,0.3,29.9,24.2,surabaya
2025-08-22,0.8,29.7,24.0,surabaya
2025-08-23,0.1,29.3,25.2,surabaya
2025-08-24,0.2,30.0,25.0,surabaya
2025-08-25,0.1,31.5,24.3,surabaya
2025-08-26,0.0,31.6,23.1,surabaya
2025-08-27,0.0,32.4,24.3,surabaya
2025-08-28,0.0,31.5,25.2,surabaya
2025-08-29,0.0,31.7,24.3,surabaya
2025-08-30,0.0,31.9,24.9,surabaya
2025-08-31,0.0,32.7,24.7,surabaya
2025-09-01,0.0,31.2,25.5,surabaya
2025-09-02,0.9,31.5,26.8,surabaya
2025-09-03,0.0,31.8,27.3,surabaya
2025-09-04,0.0,31.0,25.8,surabaya
2025-09-05,0.0,32.4,25.4,surabaya
2025-09-06,0.0,32.4,25.4,surabaya
2025-09-07,0.0,32.5,25.3,surabaya
2025-09-08,0.0,32.6,25.9,surabaya
2025-09-09,0.8,33.1,25.7,surabaya
2025-09-10,1.8,32.8,25.5,surabaya
2025-09-11,0.0,32.2,24.9,surabaya
2025-09-12,0.0,33.1,24.0,surabaya
2025-09-13,0.2,32.8,25.2,surabaya
2025-09-14,0.9,32.0,25.0,surabaya
2025-09-15,0.0,32.8,25.4,surabaya
2025-09-16,1.7,32.7,26.0,surabaya
2025-09-17,1.8,32.6,24.9,surabaya
2025-09-18,0.5,32.7,25.2,surabaya
2025-09-19,1.0,31.9,26.1,surabaya
2025-09-20,0.6,32.9,27.9,surabaya
2025-09-21,1.5,33.0,26.7,surabaya
2025-09-22,0.0,32.6,25.7,surabaya
2025-09-23,0.0,35.2,24.8,surabaya
2025-09-24,0.2,33.8,25.9,surabaya
2025-09-25,0.2,32.3,27.2,surabaya
2025-09-26,0.0,33.4,28.0,surabaya
2025-09-27,0.0,33.4,28.0,surabaya
2025-09-28,0.0,33.0,28.7,surabaya
2025-09-29,4.8,33.4,25.9,surabaya
2025-09-30,8.5,29.3,25.3,surabaya
2025-10-01,8.4,29.9,25.4,surabaya
2025-10-02,0.0,32.4,26.2,surabaya
2025-10-03,0.0,34.5,25.3,surabaya
2025-10-04,0.0,33.6,24.6,surabaya
2025-10-05,0.0,33.2,27.5,surabaya
2025-10-06,0.7,32.7,27.0,surabaya
2025-10-07,0.0,34.8,27.6,surabaya
2025-10-08,0.0,35.1,25.4,surabaya
2025-10-09,0.3,33.6,25.5,surabaya
2025-10-10,0.2,33.2,26.3,surabaya
2025-10-11,0.0,33.0,25.6,surabaya
2025-10-12,0.0,33.4,27.4,surabaya
2025-10-13,1.1,34.0,27.5,surabaya
2025-10-14,0.0,33.9,27.8,surabaya
2025-10-15,2.2,33.8,26.8,surabaya
2025-10-16,0.0,33.9,27.3,surabaya
2025-10-17,0.0,33.8,26.8,surabaya
2025-10-18,0.4,34.9,27.6,surabaya
2025-10-19,1.7,35.3,27.5,surabaya
2025-10-20,12.2,31.5,25.2,surabaya
2025-10-21,43.7,29.7,25.4,surabaya
2025-10-22,6.9,30.5,25.0,surabaya
2025-10-23,0.3,31.6,24.9,surabaya
2025-10-24,6.9,31.8,24.5,surabaya
2025-10-25,0.4,32.0,24.5,surabaya
2025-10-26,4.2,33.2,24.3,surabaya
2025-10-27,0.4,32.1,24.4,surabaya
2025-10-28,4.1,31.3,25.6,surabaya
2025-10-29,7.3,31.4,24.9,surabaya
2025-10-30,10.1,30.4,24.2,surabaya
2025-10-31,8.0,30.4,25.0,surabaya
2025-11-01,17.5,31.2,23.8,surabaya
2025-11-02,11.8,30.5,26.2,surabaya
2025-11-03,6.3,30.0,24.6,surabaya
2025-11-04,2.9,30.8,24.4,surabaya
2025-11-05,48.7,30.5,24.8,surabaya
2025-11-06,11.3,30.8,24.9,surabaya
2025-11-07,14.6,31.9,24.6,surabaya
2025-11-08,4.6,30.8,26.5,surabaya
2025-11-09,10.3,30.5,24.9,surabaya
2025-11-10,26.9,31.1,25.4,surabaya
2025-11-11,20.6,30.4,24.7,surabaya
2025-11-12,15.0,29.4,24.3,surabaya
2025-11-13,1.1,31.1,24.3,surabaya
2025-11-14,15.8,31.4,24.7,surabaya
2025-11-15,24.5,30.4,24.9,surabaya
2025-11-16,6.0,31.9,25.7,surabaya
2025-11-17,8.8,30.2,25.4,surabaya
2025-11-18,7.3,31.6,24.6,surabaya
2025-11-19,9.1,31.6,24.6,surabaya
2025-11-20,10.6,30.4,24.9,surabaya
2025-11-21,20.8,30.0,24.3,surabaya
2025-11-22,19.5,29.8,24.4,surabaya
2025-11-23,16.0,30.9,24.5,surabaya
2025-11-24,0.2,31.4,24.8,surabaya
2025-11-25,1.4,32.4,25.7,surabaya
2025-11-26,6.9,32.8,26.1,surabaya
2025-11-27,0.1,31.6,25.3,surabaya
2025-11-28,13.3,31.2,25.4,surabaya
2025-11-29,29.6,31.4,25.6,surabaya
2025-11-30,1.4,30.3,24.8,surabaya
2025-12-01,1.7,32.0,24.5,surabaya
2025-12-02,17.0,31.9,25.3,surabaya
2025-12-03,0.7,31.1,25.2,surabaya
2025-12-04,14.3,30.2,24.8,surabaya
2025-12-05,7.8,32.4,24.4,surabaya
2025-12-06,7.4,30.3,24.3,surabaya
2025-12-07,5.3,30.8,24.4,surabaya
2025-12-08,15.9,30.9,25.6,surabaya
2025-12-09,9.3,31.1,24.2,surabaya
2025-12-10,3.6,31.9,24.2,surabaya
2025-12-11,6.0,31.9,25.3,surabaya
2025-12-12,0.7,32.5,25.2,surabaya
2025-12-13,0.9,32.6,26.3,surabaya
2025-12-14,17.4,32.4,24.4,surabaya
2025-12-15,1.3,33.3,24.5,surabaya
2025-12-16,0.1,32.7,26.1,surabaya
2025-12-17,0.0,33.5,26.3,surabaya
2025-12-18,9.7,31.4,24.9,surabaya
2025-12-19,4.6,29.8,25.1,surabaya
2025-12-20,25.2,31.7,23.7,surabaya
2025-12-21,18.0,32.2,24.5,surabaya
2025-12-22,15.9,31.0,24.6,surabaya
2025-12-23,4.8,32.4,25.0,surabaya
2025-12-24,5.4,32.3,25.1,surabaya
2025-12-25,2.9,33.1,25.7,surabaya
2025-12-26,17.8,31.9,25.3,surabaya
2025-12-27,27.0,31.3,25.0,surabaya
2025-12-28,6.8,32.9,25.1,surabaya
2025-12-29,3.2,32.1,23.9,surabaya
2025-12-30,3.2,31.6,25.3,surabaya
2025-12-31,4.3,30.2,25.5,surabaya
